instrument,question_id,concept,question,ground_truth,prediction,cosine_similarity
bahi,q1,festival,In which festival is this instrument played?,It is played during Rongali Bihu which is the spring festival of Assam.,"This small, conical wind instrument is made from a single piece of bamboo. It is blown from both ends to produce a sharp, piercing sound.",0.44024544954299927
bahi,q2,origin,Where did this instrument originate?,It originated in the rural communities of Assam.,This instrument is made by splitting a bamboo stick lengthwise and inserting a small piece of bamboo at one end.,0.23493622243404388
bahi,q3,material,What material is this instrument made of?,This instrument is made of bamboo.,This instrument is made of bamboo.,0.9999999403953552
bahi,q4,parts,Name the major parts of this instrument.,"The main parts of this instrument are bamboo tube body, blow hole and finger holes.","The main parts of this instrument are bamboo tube body, blow hole and finger holes.",1.0
bahi,q5,sound,What sound does this instrument produce?,"This instrument produces a soft, melodic, flute-like sound.","This instrument produces a soft, melodic, flute-like sound.",1.0
bahi,q6,traditional_player,Which gender traditionally plays this instrument?,This instrument is traditionally played by men.,This instrument is traditionally played by men. It is traditionally played by men.,0.8460373878479004
bahi,q7,playing_method,How is this instrument played?,This instrument is played by blowing air across the blow hole and covering finger holes.,This instrument is played by blowing air across the blow hole and covering finger holes.,1.0
bahi,q8,instrument_type,What type of musical instrument is this?,This is a transverse bamboo flute instrument.,This is a transverse bamboo flute instrument. It is made from a single piece of bamboo and has two finger holes and one thumb hole. It is played by blowing air across the mouthpiece and covering finger holes to produce different pitches.,0.8582820296287537
bahi,q9,description,"Give a description of this instrument including its cultural significance, and role in Assamese music.","The Bahi is a traditional Assamese transverse flute made entirely from bamboo, played by blowing air across a side blow hole while controlling pitch through finger holes along the tube. It is one of the oldest melodic instruments in Assamese folk music and is prominently used during Rongali Bihu celebrations. Unlike the rhythm-keeping instruments of the Bihu ensemble, the Bahi carries the melodic layer with its soft, flute-like tone. It is traditionally played by men and is closely associated with pastoral and folk music traditions of Assam.","The Bahi is a transverse flute made entirely from bamboo, played by blowing air across a side blow hole while controlling pitch through finger holes along the tube. It is one of the oldest melodic instruments in Assamese folk music and is prominently used during Rongali Bihu celebrations. Unlike the rhythm-keeping",0.9885830879211426
bahi,q1,festival,In which festival is this instrument played?,It is played during Rongali Bihu which is the spring festival of Assam.,"This small, conical wind instrument is made from a single piece of bamboo and is traditionally played by women.",0.5055578947067261
bahi,q2,origin,Where did this instrument originate?,It originated in the rural communities of Assam.,This instrument is made by splitting a bamboo cane lengthwise and inserting small pieces of bamboo inside.,0.2637035548686981
bahi,q3,material,What material is this instrument made of?,This instrument is made of bamboo.,This instrument is made of bamboo.,0.9999999403953552
bahi,q4,parts,Name the major parts of this instrument.,"The main parts of this instrument are bamboo tube body, blow hole and finger holes.","The main parts of this instrument are bamboo tube body, blow hole and finger holes.",1.0
bahi,q5,sound,What sound does this instrument produce?,"This instrument produces a soft, melodic, flute-like sound.",The thin end of this instrument is blown to produce sound. It is played by blowing air through the narrow end and covering the open end with the lips.,0.6979259848594666
bahi,q6,traditional_player,Which gender traditionally plays this instrument?,This instrument is traditionally played by men.,This instrument is traditionally played by men.,1.0
bahi,q7,playing_method,How is this instrument played?,This instrument is played by blowing air across the blow hole and covering finger holes.,This instrument is played by placing both mouthpieces in the airflow and covering finger holes with one hand while covering the other mouthpiece with the other hand.,0.8405308723449707
bahi,q8,instrument_type,What type of musical instrument is this?,This is a transverse bamboo flute instrument.,This is a transverse bamboo flute instrument. It is made from bamboo and played by blowing air across the mouthpiece.,0.9404486417770386
bahi,q9,description,"Give a description of this instrument including its cultural significance, and role in Assamese music.","The Bahi is a traditional Assamese transverse flute made entirely from bamboo, played by blowing air across a side blow hole while controlling pitch through finger holes along the tube. It is one of the oldest melodic instruments in Assamese folk music and is prominently used during Rongali Bihu celebrations. Unlike the rhythm-keeping instruments of the Bihu ensemble, the Bahi carries the melodic layer with its soft, flute-like tone. It is traditionally played by men and is closely associated with pastoral and folk music traditions of Assam.","The Bahi is a transverse flute made entirely from bamboo, played by blowing air across a side blow hole while controlling pitch through finger holes along the tube. It is one of the oldest melodic instruments in Assamese folk music and is prominently used during Rongali Bihu celebrations. Unlike the rhythm-keeping",0.9885830879211426
bahi,q1,festival,In which festival is this instrument played?,It is played during Rongali Bihu which is the spring festival of Assam.,This instrument is played during Rongali Bihu which is the spring festival of Assam. It is played by both men and women.,0.8477961421012878
bahi,q2,origin,Where did this instrument originate?,It originated in the rural communities of Assam.,This instrument is made from a single piece of bamboo and consists of two separate pieces connected by a joint.,0.2225588858127594
bahi,q3,material,What material is this instrument made of?,This instrument is made of bamboo.,This instrument is made of bamboo.,0.9999999403953552
bahi,q4,parts,Name the major parts of this instrument.,"The main parts of this instrument are bamboo tube body, blow hole and finger holes.","The main parts of this instrument are bamboo tube body, blow hole and finger holes.",1.0
bahi,q5,sound,What sound does this instrument produce?,"This instrument produces a soft, melodic, flute-like sound.","This instrument produces a soft, melodic, flute-like sound.",1.0
bahi,q6,traditional_player,Which gender traditionally plays this instrument?,This instrument is traditionally played by men.,This instrument is traditionally played by men.,1.0
bahi,q7,playing_method,How is this instrument played?,This instrument is played by blowing air across the blow hole and covering finger holes.,This instrument is played by blowing air across the blow hole and covering finger holes.,1.0
bahi,q8,instrument_type,What type of musical instrument is this?,This is a transverse bamboo flute instrument.,This is a transverse bamboo flute instrument. It is played by blowing air across the mouthpiece and covering finger holes.,0.9080797433853149
bahi,q9,description,"Give a description of this instrument including its cultural significance, and role in Assamese music.","The Bahi is a traditional Assamese transverse flute made entirely from bamboo, played by blowing air across a side blow hole while controlling pitch through finger holes along the tube. It is one of the oldest melodic instruments in Assamese folk music and is prominently used during Rongali Bihu celebrations. Unlike the rhythm-keeping instruments of the Bihu ensemble, the Bahi carries the melodic layer with its soft, flute-like tone. It is traditionally played by men and is closely associated with pastoral and folk music traditions of Assam.","The Bahi is a transverse-assamese wind instrument made entirely from bamboo, played by blowing air across a side blow hole while controlling pitch through finger holes along the tube. It is one of the oldest melodic instruments in Assamese folk music and is prominently used during Rongali Bihu celebrations. Unlike",0.9621407389640808
bahi,q1,festival,In which festival is this instrument played?,It is played during Rongali Bihu which is the spring festival of Assam.,This instrument is played during Rongali Bihu which is the spring festival of Assam. It is played by both men and women.,0.8477961421012878
bahi,q2,origin,Where did this instrument originate?,It originated in the rural communities of Assam.,This instrument is made from a single piece of bamboo and has two blow holes. It is played by blowing air through both ends.,0.21210218966007233
bahi,q3,material,What material is this instrument made of?,This instrument is made of bamboo.,This instrument is made of bamboo.,0.9999999403953552
bahi,q4,parts,Name the major parts of this instrument.,"The main parts of this instrument are bamboo tube body, blow hole and finger holes.","The main parts of this instrument are bamboo tube body, blow hole and finger holes.",1.0
bahi,q5,sound,What sound does this instrument produce?,"This instrument produces a soft, melodic, flute-like sound.","This instrument produces a soft, melodic, flute-like sound.",1.0
bahi,q6,traditional_player,Which gender traditionally plays this instrument?,This instrument is traditionally played by men.,This instrument is traditionally played by men.,1.0
bahi,q7,playing_method,How is this instrument played?,This instrument is played by blowing air across the blow hole and covering finger holes.,This instrument is played by blowing air across the blow hole and covering finger holes.,1.0
bahi,q8,instrument_type,What type of musical instrument is this?,This is a transverse bamboo flute instrument.,This is a transverse bamboo flute instrument. It is played by blowing air across the mouthpiece and covering finger holes.,0.9080797433853149
bahi,q9,description,"Give a description of this instrument including its cultural significance, and role in Assamese music.","The Bahi is a traditional Assamese transverse flute made entirely from bamboo, played by blowing air across a side blow hole while controlling pitch through finger holes along the tube. It is one of the oldest melodic instruments in Assamese folk music and is prominently used during Rongali Bihu celebrations. Unlike the rhythm-keeping instruments of the Bihu ensemble, the Bahi carries the melodic layer with its soft, flute-like tone. It is traditionally played by men and is closely associated with pastoral and folk music traditions of Assam.",The Bahi is a transverse bamboo flute that is traditionally made from a single piece of bamboo. It is played by blowing air across a side blow hole while controlling pitch through finger holes along the tube. The Bahi is one of the oldest transverse flutes in Assamese folk music and is traditionally played by,0.9630391001701355
bahi,q1,festival,In which festival is this instrument played?,It is played during Rongali Bihu which is the spring festival of Assam.,This instrument is blown to produce a high pitched wailing sound. It is played by both men and women.,0.48192310333251953
bahi,q2,origin,Where did this instrument originate?,It originated in the rural communities of Assam.,"This instrument is made from a single piece of bamboo and is blown to produce a high-pitched, sharp tone.",0.22836783528327942
bahi,q3,material,What material is this instrument made of?,This instrument is made of bamboo.,This instrument is made of bamboo.,0.9999999403953552
bahi,q4,parts,Name the major parts of this instrument.,"The main parts of this instrument are bamboo tube body, blow hole and finger holes.",During which festival is this instrument played?,0.4400078356266022
bahi,q5,sound,What sound does this instrument produce?,"This instrument produces a soft, melodic, flute-like sound.","This instrument produces a soft, melodic, flute-like sound.",1.0
bahi,q6,traditional_player,Which gender traditionally plays this instrument?,This instrument is traditionally played by men.,This instrument is traditionally played by men.,1.0
bahi,q7,playing_method,How is this instrument played?,This instrument is played by blowing air across the blow hole and covering finger holes.,This instrument is played by blowing air across the blow hole and covering finger holes.,1.0
bahi,q8,instrument_type,What type of musical instrument is this?,This is a transverse bamboo flute instrument.,This is a transverse bamboo flute instrument. It is played by blowing air across the open end and covering finger holes.,0.9121288061141968
bahi,q9,description,"Give a description of this instrument including its cultural significance, and role in Assamese music.","The Bahi is a traditional Assamese transverse flute made entirely from bamboo, played by blowing air across a side blow hole while controlling pitch through finger holes along the tube. It is one of the oldest melodic instruments in Assamese folk music and is prominently used during Rongali Bihu celebrations. Unlike the rhythm-keeping instruments of the Bihu ensemble, the Bahi carries the melodic layer with its soft, flute-like tone. It is traditionally played by men and is closely associated with pastoral and folk music traditions of Assam.","The Bahi is a transverse flute made entirely from bamboo, played by blowing air across a side blow hole while controlling pitch through finger holes along the tube. It is one of the oldest melodic instruments in Assamese folk music and is prominently used during Rongali Bihu celebrations. Unlike the rhythm-keeping",0.9885830879211426
toka,q1,festival,In which festival is this instrument played?,It is played during Rongali Bihu which is the spring festival of Assam.,"This small bamboo flute is blown to produce a sharp, piercing sound. It is traditionally played during Rongali Bihu.",0.6323789954185486
toka,q2,origin,Where did this instrument originate?,It originated in the rural communities of Assam.,This instrument is played by holding both ends and vibrating the vibrating bar by striking it against the other end or a hard surface.,0.06553201377391815
toka,q3,material,What material is this instrument made of?,This instrument is made of bamboo.,This instrument is made of bamboo.,0.9999999403953552
toka,q4,parts,Name the major parts of this instrument.,"The main parts of this instrument are two bamboo pieces, hinged joint, and striking ends.",This instrument is played by striking both ends with the fingers.,0.6160337924957275
toka,q5,sound,What sound does this instrument produce?,"This instrument produces a sharp, dry clicking sound.","This instrument produces a sharp, dry clicking sound.",1.0
toka,q6,traditional_player,Which gender traditionally plays this instrument?,This instrument is traditionally played by both men and women.,This instrument is traditionally played by women.,0.8624454140663147
toka,q7,playing_method,How is this instrument played?,This instrument is played by clapping the two bamboo pieces against each other.,This instrument is played by striking both ends of the bamboo piece against each other.,0.8532114028930664
toka,q8,instrument_type,What type of musical instrument is this?,This is a bamboo clapper percussion instrument.,"During performances, this instrument is played by striking the two ends of the bamboo stick together.",0.6488921046257019
toka,q9,description,"Give a description of this instrument including its cultural significance, and role in Assamese music.","The Toka is a traditional Assamese percussion instrument made entirely from bamboo, consisting of two pieces joined and clapped together rhythmically. Its sharp, dry clicking sound provides rhythmic accompaniment that complements heavier instruments like the Dhol. Toka is played by both men and women, making it an inclusive instrument in Assamese folk music.","The Toka is a traditional Assamese percussion instrument made entirely from bamboo, consisting of two pieces joined and clapped together rhythmically. Its sharp, dry clicking sound provides rhythmic accompaniment that complements heavier instruments like the Dhol. Toka is played by both men and women, making it an inclusive",0.9958246350288391
toka,q1,festival,In which festival is this instrument played?,It is played during Rongali Bihu which is the spring festival of Assam.,"This small, cone-shaped instrument is made of bamboo and a small piece of metal or stone. It is blown to make a sharp, clicking sound.",0.3867076337337494
toka,q2,origin,Where did this instrument originate?,It originated in the rural communities of Assam.,This instrument is played by holding both ends and vibrating the vibrating bar while plucking the ring.,0.11602841317653656
toka,q3,material,What material is this instrument made of?,This instrument is made of bamboo.,This instrument is made of bamboo.,0.9999999403953552
toka,q4,parts,Name the major parts of this instrument.,"The main parts of this instrument are two bamboo pieces, hinged joint, and striking ends.","The main parts of this instrument are two bamboo pieces, hinged joint, and striking ends.",1.0
toka,q5,sound,What sound does this instrument produce?,"This instrument produces a sharp, dry clicking sound.","This instrument produces a sharp, dry clicking sound.",1.0
toka,q6,traditional_player,Which gender traditionally plays this instrument?,This instrument is traditionally played by both men and women.,This instrument is traditionally played by women.,0.8624454736709595
toka,q7,playing_method,How is this instrument played?,This instrument is played by clapping the two bamboo pieces against each other.,This instrument is played by striking the two metal bars against each other.,0.6090003252029419
toka,q8,instrument_type,What type of musical instrument is this?,This is a bamboo clapper percussion instrument.,"This is a bamboo clapper percussion instrument. It consists of two bamboo pieces that are struck against each other to produce a sharp, dry sound.",0.9233646392822266
toka,q9,description,"Give a description of this instrument including its cultural significance, and role in Assamese music.","The Toka is a traditional Assamese percussion instrument made entirely from bamboo, consisting of two pieces joined and clapped together rhythmically. Its sharp, dry clicking sound provides rhythmic accompaniment that complements heavier instruments like the Dhol. Toka is played by both men and women, making it an inclusive instrument in Assamese folk music.","The Toka is a traditional Assamese percussion instrument made entirely from bamboo, consisting of two pieces joined and clapped together rhythmically. Its sharp, dry clicking sound provides rhythmic accompaniment that complements heavier instruments like the Dhol. Toka is played by both men and women, making it an inclusive",0.9958246350288391
toka,q1,festival,In which festival is this instrument played?,It is played during Rongali Bihu which is the spring festival of Assam.,"This small conical wind instrument is blown to produce a sharp, piercing sound. It is played by both men and women.",0.4596681594848633
toka,q2,origin,Where did this instrument originate?,It originated in the rural communities of Assam.,This instrument is made from a single piece of bamboo and consists of two vibrating pieces connected by a string.,0.23712891340255737
toka,q3,material,What material is this instrument made of?,This instrument is made of bamboo.,This instrument is made of bamboo.,0.9999999403953552
toka,q4,parts,Name the major parts of this instrument.,"The main parts of this instrument are two bamboo pieces, hinged joint, and striking ends.","The main parts of this instrument are two bamboo pieces, a hinged joint, and striking ends.",0.9985269904136658
toka,q5,sound,What sound does this instrument produce?,"This instrument produces a sharp, dry clicking sound.","This instrument produces a sharp, dry clicking sound.",1.0
toka,q6,traditional_player,Which gender traditionally plays this instrument?,This instrument is traditionally played by both men and women.,This instrument is traditionally played by women.,0.8624454140663147
toka,q7,playing_method,How is this instrument played?,This instrument is played by clapping the two bamboo pieces against each other.,This instrument is played by clapping the two bamboo pieces together.,0.9841722249984741
toka,q8,instrument_type,What type of musical instrument is this?,This is a bamboo clapper percussion instrument.,This is a bamboo clapper percussion instrument played by striking the two ends together. It is traditionally played during Rongali Bihu festivals.,0.8603384494781494
toka,q9,description,"Give a description of this instrument including its cultural significance, and role in Assamese music.","The Toka is a traditional Assamese percussion instrument made entirely from bamboo, consisting of two pieces joined and clapped together rhythmically. Its sharp, dry clicking sound provides rhythmic accompaniment that complements heavier instruments like the Dhol. Toka is played by both men and women, making it an inclusive instrument in Assamese folk music.","The Toka is a traditional Assamese percussion instrument made entirely from bamboo, consisting of two pieces joined and clapped together rhythmically. Its sharp, dry clicking sound provides rhythmic accompaniment that complements heavier instruments like the Dhol. Toka is played by both men and women, making it an inclusive",0.9958246350288391
toka,q1,festival,In which festival is this instrument played?,It is played during Rongali Bihu which is the spring festival of Assam.,This instrument is played during Rongali Bihu which is the spring festival of Assam.,0.8784782886505127
toka,q2,origin,Where did this instrument originate?,It originated in the rural communities of Assam.,This instrument originated in the rural communities of Assam.,0.7507209777832031
toka,q3,material,What material is this instrument made of?,This instrument is made of bamboo.,This instrument is made of bamboo.,0.9999999403953552
toka,q4,parts,Name the major parts of this instrument.,"The main parts of this instrument are two bamboo pieces, hinged joint, and striking ends.",During which festival is this instrument played?,0.4495198726654053
toka,q5,sound,What sound does this instrument produce?,"This instrument produces a sharp, dry clicking sound.","This instrument produces a sharp, dry clicking sound.",1.0
toka,q6,traditional_player,Which gender traditionally plays this instrument?,This instrument is traditionally played by both men and women.,This instrument is traditionally played by women.,0.8624454140663147
toka,q7,playing_method,How is this instrument played?,This instrument is played by clapping the two bamboo pieces against each other.,This instrument is played by striking the two bamboo pieces together near the mouthpiece.,0.8171135187149048
toka,q8,instrument_type,What type of musical instrument is this?,This is a bamboo clapper percussion instrument.,"This is a bamboo clapper percussion instrument. It consists of two bamboo pieces that are struck against each other to produce a sharp, dry sound.",0.9233646392822266
toka,q9,description,"Give a description of this instrument including its cultural significance, and role in Assamese music.","The Toka is a traditional Assamese percussion instrument made entirely from bamboo, consisting of two pieces joined and clapped together rhythmically. Its sharp, dry clicking sound provides rhythmic accompaniment that complements heavier instruments like the Dhol. Toka is played by both men and women, making it an inclusive instrument in Assamese folk music.","The Toka is a traditional Assamese percussion instrument made entirely from bamboo, consisting of two pieces joined and clapped together rhythmically. Its sharp, dry clicking sound provides rhythmic accompaniment that complements heavier instruments like the Dhol. Toka is played by both men and women, making it an inclusive",0.9958246350288391
toka,q1,festival,In which festival is this instrument played?,It is played during Rongali Bihu which is the spring festival of Assam.,This instrument is made by splitting a bamboo stick lengthwise and wrapping it with cloth.,0.35652071237564087
toka,q2,origin,Where did this instrument originate?,It originated in the rural communities of Assam.,This instrument originated in the rural communities of Assam. It is played by plucking both ends of the bamboo tube.,0.5646814107894897
toka,q3,material,What material is this instrument made of?,This instrument is made of bamboo.,This instrument is made of bamboo.,0.9999999403953552
toka,q4,parts,Name the major parts of this instrument.,"The main parts of this instrument are two bamboo pieces, hinged joint, and striking ends.","The main parts of this instrument are two bamboo pieces, hinged joint, and striking ends.",1.0
toka,q5,sound,What sound does this instrument produce?,"This instrument produces a sharp, dry clicking sound.","This instrument produces a sharp, dry clicking sound.",1.0
toka,q6,traditional_player,Which gender traditionally plays this instrument?,This instrument is traditionally played by both men and women.,This instrument is traditionally played by women.,0.8624454140663147
toka,q7,playing_method,How is this instrument played?,This instrument is played by clapping the two bamboo pieces against each other.,This instrument is played by striking the two bamboo pieces together.,0.8605684638023376
toka,q8,instrument_type,What type of musical instrument is this?,This is a bamboo clapper percussion instrument.,"This is a bamboo clapper percussion instrument. It consists of two bamboo pieces that are struck against each other to produce a sharp, dry sound.",0.9233646392822266
toka,q9,description,"Give a description of this instrument including its cultural significance, and role in Assamese music.","The Toka is a traditional Assamese percussion instrument made entirely from bamboo, consisting of two pieces joined and clapped together rhythmically. Its sharp, dry clicking sound provides rhythmic accompaniment that complements heavier instruments like the Dhol. Toka is played by both men and women, making it an inclusive instrument in Assamese folk music.","The Toka is a traditional Assamese percussion instrument made entirely from bamboo, consisting of two pieces joined and clapped together rhythmically. Its sharp, dry clicking sound provides rhythmic accompaniment that complements heavier instruments like the Dhol. Toka is played by both men and women, making it an inclusive",0.9958246350288391
khutitaal,q1,festival,In which festival is this instrument played?,It is played during Rongali Bihu which is the spring festival of Assam.,"This small, round, flat percussion instrument is made from a split bamboo or wood cylinder. It is played by striking both ends of the instrument against each other.",0.5064380764961243
khutitaal,q2,origin,Where did this instrument originate?,It originated in the Brahmaputra valley of Assam.,"This small, conical percussion instrument is made from the hollowed horn or bone of a cattle or buffalo. It is traditionally played during Rongali Bihu celebrations.",0.36577218770980835
khutitaal,q3,material,What material is this instrument made of?,This instrument is made of bell metal. ,This instrument is made of bell metal.,1.0
khutitaal,q4,parts,Name the major parts of this instrument.,The main parts of this instrument are two small cymbal discs and connecting cord.,The main parts of this instrument are two small metal discs and connecting cord.,0.8915523290634155
khutitaal,q5,sound,What sound does this instrument produce?,"This instrument produces a bright, high-pitched ringing sound.","This instrument produces a sharp, ringing high-pitched sound.",0.9663674831390381
khutitaal,q6,traditional_player,Which gender traditionally plays this instrument?,This instrument is traditionally played by both men and women.,"This small, round, conical percussion instrument is traditionally made from the hollowed stem of a grass plant or bamboo.",0.4780525863170624
khutitaal,q7,playing_method,How is this instrument played?,This instrument is played by striking the two metal discs against each other.,This instrument is played by striking the two metal discs against each other.,1.0
khutitaal,q8,instrument_type,What type of musical instrument is this?,This is a small paired metal cymbal percussion instrument.,"This is a small paired metal cymbal percussion instrument. It consists of two small round metal plates that are struck against each other to produce a sharp, dry sound.",0.8852541446685791
khutitaal,q9,description,"Give a description of this instrument including its cultural significance, and role in Assamese music.","The Khuti-Taal is a small paired cymbal instrument made of bell metal, a brass alloy traditionally crafted in the Brahmaputra valley of Assam. It consists of two small metal discs connected by a cord and struck together to produce a bright, high-pitched ringing sound that provides rhythmic accompaniment during Bihu performances. The Khuti-Taal is traditionally played by both men and women and is commonly used alongside the Dhol and Pepa during Rongali Bihu performances. Its metallic timbre and compact size make it an important rhythm-keeping instrument in Assamese folk music.","The Khuti-Taal is a small paired cymbal instrument made of bell metal, a brass alloy traditionally crafted in the Brahmaputra valley of Assam. It consists of two small metal discs connected by a cord and struck together to produce a bright, high-pitched ringing sound that provides rhythmic accompaniment",0.964104413986206
khutitaal,q1,festival,In which festival is this instrument played?,It is played during Rongali Bihu which is the spring festival of Assam.,This instrument is played during Rongali Bihu which is the spring festival of Assam. It is played by both men and women.,0.8477961421012878
khutitaal,q2,origin,Where did this instrument originate?,It originated in the Brahmaputra valley of Assam.,This instrument originated in the Brahmaputra valley of Assam.,0.7332445979118347
khutitaal,q3,material,What material is this instrument made of?,This instrument is made of bell metal. ,This instrument is made of bell metal.,1.0
khutitaal,q4,parts,Name the major parts of this instrument.,The main parts of this instrument are two small cymbal discs and connecting cord.,The main parts of this instrument are two small cymbal discs and connecting cord.,1.0
khutitaal,q5,sound,What sound does this instrument produce?,"This instrument produces a bright, high-pitched ringing sound.","This instrument produces a sharp, ringing high-pitched sound.",0.9663674831390381
khutitaal,q6,traditional_player,Which gender traditionally plays this instrument?,This instrument is traditionally played by both men and women.,This instrument is traditionally played by women.,0.8624454736709595
khutitaal,q7,playing_method,How is this instrument played?,This instrument is played by striking the two metal discs against each other.,This instrument is played by striking the two metal discs against each other.,1.0
khutitaal,q8,instrument_type,What type of musical instrument is this?,This is a small paired metal cymbal percussion instrument.,"This is a small paired metal cymbal percussion instrument. It consists of two small round metal discs that are struck against each other to produce a sharp, dry clicking sound.",0.8718106746673584
khutitaal,q9,description,"Give a description of this instrument including its cultural significance, and role in Assamese music.","The Khuti-Taal is a small paired cymbal instrument made of bell metal, a brass alloy traditionally crafted in the Brahmaputra valley of Assam. It consists of two small metal discs connected by a cord and struck together to produce a bright, high-pitched ringing sound that provides rhythmic accompaniment during Bihu performances. The Khuti-Taal is traditionally played by both men and women and is commonly used alongside the Dhol and Pepa during Rongali Bihu performances. Its metallic timbre and compact size make it an important rhythm-keeping instrument in Assamese folk music.","The Khuti-Taal is a small paired cymbal instrument made of bell metal, a brass alloy traditionally crafted in the Brahmaputra valley of Assam. It consists of two small metal discs connected by a cord and struck together to produce a bright, high-pitched ringing sound that provides rhythmic accompaniment",0.964104413986206
khutitaal,q1,festival,In which festival is this instrument played?,It is played during Rongali Bihu which is the spring festival of Assam.,This instrument is played during Rongali Bihu which is the spring festival of Assam. It is played by clapping both cymbal halves together.,0.7663077116012573
khutitaal,q2,origin,Where did this instrument originate?,It originated in the Brahmaputra valley of Assam.,This instrument originated in the Brahmaputra valley of Assam. It is traditionally played during Rongali Bihu.,0.6717302799224854
khutitaal,q3,material,What material is this instrument made of?,This instrument is made of bell metal. ,This instrument is made of bell metal.,1.0
khutitaal,q4,parts,Name the major parts of this instrument.,The main parts of this instrument are two small cymbal discs and connecting cord.,The major parts of this instrument are two small cymbal discs and connecting cord.,0.9918646216392517
khutitaal,q5,sound,What sound does this instrument produce?,"This instrument produces a bright, high-pitched ringing sound.","This instrument produces a sharp, metallic ringing sound.",0.8882755637168884
khutitaal,q6,traditional_player,Which gender traditionally plays this instrument?,This instrument is traditionally played by both men and women.,This instrument is traditionally played by men.,0.8809924125671387
khutitaal,q7,playing_method,How is this instrument played?,This instrument is played by striking the two metal discs against each other.,This instrument is played by striking the two metal discs against each other.,1.0
khutitaal,q8,instrument_type,What type of musical instrument is this?,This is a small paired metal cymbal percussion instrument.,"During performances, this instrument is used in pairs and is played by striking both cymbals against each other.",0.6551340222358704
khutitaal,q9,description,"Give a description of this instrument including its cultural significance, and role in Assamese music.","The Khuti-Taal is a small paired cymbal instrument made of bell metal, a brass alloy traditionally crafted in the Brahmaputra valley of Assam. It consists of two small metal discs connected by a cord and struck together to produce a bright, high-pitched ringing sound that provides rhythmic accompaniment during Bihu performances. The Khuti-Taal is traditionally played by both men and women and is commonly used alongside the Dhol and Pepa during Rongali Bihu performances. Its metallic timbre and compact size make it an important rhythm-keeping instrument in Assamese folk music.","The Khuti-Taal is a small paired cymbal instrument made of bell metal, a brass alloy traditionally crafted in the Brahmaputra valley of Assam. It consists of two small metal discs connected by a cord and struck together to produce a bright, high-pitched ringing sound that provides rhythmic accompaniment",0.964104413986206
khutitaal,q1,festival,In which festival is this instrument played?,It is played during Rongali Bihu which is the spring festival of Assam.,This instrument is played during Rongali Bihu which is the spring festival of Assam.,0.8784782886505127
khutitaal,q2,origin,Where did this instrument originate?,It originated in the Brahmaputra valley of Assam.,This instrument originated in the Brahmaputra valley of Assam.,0.7332445979118347
khutitaal,q3,material,What material is this instrument made of?,This instrument is made of bell metal. ,This instrument is made of bell metal.,1.0
khutitaal,q4,parts,Name the major parts of this instrument.,The main parts of this instrument are two small cymbal discs and connecting cord.,During which season is this instrument played traditionally?,0.44064614176750183
khutitaal,q5,sound,What sound does this instrument produce?,"This instrument produces a bright, high-pitched ringing sound.","This instrument produces a bright, high-pitched ringing sound.",1.0
khutitaal,q6,traditional_player,Which gender traditionally plays this instrument?,This instrument is traditionally played by both men and women.,"During festivals, this instrument is traditionally played by young men.",0.6283978223800659
khutitaal,q7,playing_method,How is this instrument played?,This instrument is played by striking the two metal discs against each other.,This instrument is played by striking the two metal discs against each other.,1.0
khutitaal,q8,instrument_type,What type of musical instrument is this?,This is a small paired metal cymbal percussion instrument.,"During performances, this instrument is played by striking both cymbal heads together or hitting one head against a hard surface.",0.6548804044723511
khutitaal,q9,description,"Give a description of this instrument including its cultural significance, and role in Assamese music.","The Khuti-Taal is a small paired cymbal instrument made of bell metal, a brass alloy traditionally crafted in the Brahmaputra valley of Assam. It consists of two small metal discs connected by a cord and struck together to produce a bright, high-pitched ringing sound that provides rhythmic accompaniment during Bihu performances. The Khuti-Taal is traditionally played by both men and women and is commonly used alongside the Dhol and Pepa during Rongali Bihu performances. Its metallic timbre and compact size make it an important rhythm-keeping instrument in Assamese folk music.","The Khuti-Taal is a small paired cymbal instrument made of bell metal, a brass alloy traditionally crafted in the Brahmaputra valley of Assam. It consists of two small metal discs connected by a cord and struck together to produce a bright, high-pitched ringing sound that provides rhythmic accompaniment",0.964104413986206
khutitaal,q1,festival,In which festival is this instrument played?,It is played during Rongali Bihu which is the spring festival of Assam.,This small flat percussion instrument is traditionally made from the hollowed horn or bone of a cattle or buffalo. It is played by striking two pieces of the instrument together or against a hard surface.,0.49975717067718506
khutitaal,q2,origin,Where did this instrument originate?,It originated in the Brahmaputra valley of Assam.,"This small, thumb-sized percussion instrument is traditionally played by women during Rongali Bihu. It is made by splitting a small piece of bamboo lengthwise and striking the two ends together.",0.2965998649597168
khutitaal,q3,material,What material is this instrument made of?,This instrument is made of bell metal. ,This instrument is made of bell metal.,1.0
khutitaal,q4,parts,Name the major parts of this instrument.,The main parts of this instrument are two small cymbal discs and connecting cord.,The main parts of this instrument are two small metal discs and connecting cord.,0.8915523290634155
khutitaal,q5,sound,What sound does this instrument produce?,"This instrument produces a bright, high-pitched ringing sound.","This instrument produces a sharp, dry clicking sound.",0.6676052808761597
khutitaal,q6,traditional_player,Which gender traditionally plays this instrument?,This instrument is traditionally played by both men and women.,This instrument is traditionally played by women.,0.8624454736709595
khutitaal,q7,playing_method,How is this instrument played?,This instrument is played by striking the two metal discs against each other.,This instrument is played by striking the two metal discs against each other.,1.0
khutitaal,q8,instrument_type,What type of musical instrument is this?,This is a small paired metal cymbal percussion instrument.,"This is a small paired metal cymbal percussion instrument. It consists of two small metal discs that are struck against each other to produce a sharp, dry sound.",0.8822339773178101
khutitaal,q9,description,"Give a description of this instrument including its cultural significance, and role in Assamese music.","The Khuti-Taal is a small paired cymbal instrument made of bell metal, a brass alloy traditionally crafted in the Brahmaputra valley of Assam. It consists of two small metal discs connected by a cord and struck together to produce a bright, high-pitched ringing sound that provides rhythmic accompaniment during Bihu performances. The Khuti-Taal is traditionally played by both men and women and is commonly used alongside the Dhol and Pepa during Rongali Bihu performances. Its metallic timbre and compact size make it an important rhythm-keeping instrument in Assamese folk music.","The Khuti-Taal is a small paired cymbal instrument made of bell metal, a brass alloy traditionally crafted in the Brahmaputra valley of Assam. It consists of two small metal discs connected by a cord and struck together to produce a bright, high-pitched ringing sound that provides rhythmic accompaniment",0.964104413986206
xutuli,q1,festival,In which festival is this instrument played?,It is played during Rongali Bihu which is the spring festival of Assam.,This instrument is played during Rongali Bihu which is the spring festival of Assam.,0.8784782886505127
xutuli,q2,origin,Where did this instrument originate?,It originated in the rural communities of Assam.,This instrument is played by blowing air through the blow hole and covering finger holes.,0.16292816400527954
xutuli,q3,material,What material is this instrument made of?,This instrument is made of clay or bamboo.,This instrument is made of clay or bamboo.,1.0
xutuli,q4,parts,Name the major parts of this instrument.,"The main parts of this instrument are hollow body, blow end, and finger holes.",During which festival is this instrument played?,0.43027371168136597
xutuli,q5,sound,What sound does this instrument produce?,"This instrument produces a high-pitched, sharp whistling sound.","This instrument produces a high-pitched, sharp whistling sound.",1.0
xutuli,q6,traditional_player,Which gender traditionally plays this instrument?,This instrument is traditionally played by both men and women.,This instrument is traditionally played by women.,0.8624454140663147
xutuli,q7,playing_method,How is this instrument played?,This instrument is played by blowing air into the blow end and covering finger holes.,This instrument is played by blowing air into the blow end and covering finger holes.,1.0
xutuli,q8,instrument_type,What type of musical instrument is this?,This is a small conical end-blown wind instrument.,This is a small conical end-blown wind instrument made from bamboo or wood. It is played by blowing air into the larger end and covering finger holes.,0.8264162540435791
xutuli,q9,description,"Give a description of this instrument including its cultural significance, and role in Assamese music.","The Xutuli is a small conical end-blown wind instrument traditionally made from clay or bamboo in the rural communities of Assam. It is played by blowing air directly into one end, producing a distinctly high-pitched, sharp whistling tone. It is an important traditional wind instrument in Assamese folk music. Its compact size and traditional use make it popular during Bihu celebrations.","The Xutuli is a small conical end-blown wind instrument traditionally made from clay or bamboo in the rural communities of Assam. It is played by blowing air directly into one end, producing a distinctly high-pitched, sharp whistling tone. It is an important traditional wind instrument in Assamese folk",0.9953415989875793
xutuli,q1,festival,In which festival is this instrument played?,It is played during Rongali Bihu which is the spring festival of Assam.,"This small, conical instrument is made from a single piece of stone or bamboo and is traditionally played by women. It is played by blowing air through the narrow end while clapping the two larger ends together.",0.5594545006752014
xutuli,q2,origin,Where did this instrument originate?,It originated in the rural communities of Assam.,This instrument is played by blowing air into the blow end and covering the finger holes.,0.15945041179656982
xutuli,q3,material,What material is this instrument made of?,This instrument is made of clay or bamboo.,This instrument is made of clay or bamboo.,1.0
xutuli,q4,parts,Name the major parts of this instrument.,"The main parts of this instrument are hollow body, blow end, and finger holes.","The main parts of this instrument are hollow body, blow end, and finger holes.",1.0
xutuli,q5,sound,What sound does this instrument produce?,"This instrument produces a high-pitched, sharp whistling sound.","This instrument produces a high-pitched, sharp whistling sound.",1.0
xutuli,q6,traditional_player,Which gender traditionally plays this instrument?,This instrument is traditionally played by both men and women.,This instrument is traditionally played by women.,0.8624454140663147
xutuli,q7,playing_method,How is this instrument played?,This instrument is played by blowing air into the blow end and covering finger holes.,This instrument is played by blowing air into the blow end and covering finger holes.,1.0
xutuli,q8,instrument_type,What type of musical instrument is this?,This is a small conical end-blown wind instrument.,This is a small conical end-blown wind instrument made from the horn of a buffalo or deer. The player blows air into the mouthpiece and blows it out through the blow hole at the opposite end.,0.8408340215682983
xutuli,q9,description,"Give a description of this instrument including its cultural significance, and role in Assamese music.","The Xutuli is a small conical end-blown wind instrument traditionally made from clay or bamboo in the rural communities of Assam. It is played by blowing air directly into one end, producing a distinctly high-pitched, sharp whistling tone. It is an important traditional wind instrument in Assamese folk music. Its compact size and traditional use make it popular during Bihu celebrations.","The Xutuli is a small conical end-blown wind instrument traditionally made from clay or bamboo in the rural communities of Assam. It is played by blowing air directly into one end, producing a distinctly high-pitched, sharp whistling tone. It is an important traditional wind instrument in Assamese folk",0.9953415989875793
xutuli,q1,festival,In which festival is this instrument played?,It is played during Rongali Bihu which is the spring festival of Assam.,This small mouthpiece wind instrument is made of bamboo and a piece of cloth or leather. It is blown from the bottom end.,0.34069663286209106
xutuli,q2,origin,Where did this instrument originate?,It originated in the rural communities of Assam.,This instrument is played by placing both mouthpieces against the cheeks and blowing air through them.,0.1628376841545105
xutuli,q3,material,What material is this instrument made of?,This instrument is made of clay or bamboo.,This instrument is made of clay or bamboo.,1.0
xutuli,q4,parts,Name the major parts of this instrument.,"The main parts of this instrument are hollow body, blow end, and finger holes.","The main parts of this instrument are hollow body, blow end, and finger holes.",1.0
xutuli,q5,sound,What sound does this instrument produce?,"This instrument produces a high-pitched, sharp whistling sound.","This instrument produces a high-pitched, sharp whistling sound.",1.0
xutuli,q6,traditional_player,Which gender traditionally plays this instrument?,This instrument is traditionally played by both men and women.,This instrument is traditionally played by women.,0.8624454736709595
xutuli,q7,playing_method,How is this instrument played?,This instrument is played by blowing air into the blow end and covering finger holes.,This instrument is played by blowing air into the blow end and covering finger holes.,1.0
xutuli,q8,instrument_type,What type of musical instrument is this?,This is a small conical end-blown wind instrument.,This is a small conical end-blown wind instrument made from bamboo or wood. It is played by blowing air into the blow end and covering finger holes.,0.8242818117141724
xutuli,q9,description,"Give a description of this instrument including its cultural significance, and role in Assamese music.","The Xutuli is a small conical end-blown wind instrument traditionally made from clay or bamboo in the rural communities of Assam. It is played by blowing air directly into one end, producing a distinctly high-pitched, sharp whistling tone. It is an important traditional wind instrument in Assamese folk music. Its compact size and traditional use make it popular during Bihu celebrations.","The Xutuli is a small conical end-blown wind instrument traditionally made from clay or bamboo in the rural communities of Assam. It is played by blowing air directly into one end, producing a distinctly high-pitched, sharp whistling tone. It is an important traditional wind instrument in Assamese folk",0.9953415989875793
xutuli,q1,festival,In which festival is this instrument played?,It is played during Rongali Bihu which is the spring festival of Assam.,This instrument is played during Rongali Bihu which is the spring festival of Assam.,0.8784782886505127
xutuli,q2,origin,Where did this instrument originate?,It originated in the rural communities of Assam.,This instrument is played by holding both ends and hitting it with the fingers or a stick.,0.12883317470550537
xutuli,q3,material,What material is this instrument made of?,This instrument is made of clay or bamboo.,This instrument is made of clay or bamboo.,1.0
xutuli,q4,parts,Name the major parts of this instrument.,"The main parts of this instrument are hollow body, blow end, and finger holes.","The main parts of this instrument are hollow body, blow end, and finger holes.",1.0
xutuli,q5,sound,What sound does this instrument produce?,"This instrument produces a high-pitched, sharp whistling sound.","This instrument produces a high-pitched, sharp, whistling sound.",0.9962719678878784
xutuli,q6,traditional_player,Which gender traditionally plays this instrument?,This instrument is traditionally played by both men and women.,This instrument is traditionally played by women.,0.8624454736709595
xutuli,q7,playing_method,How is this instrument played?,This instrument is played by blowing air into the blow end and covering finger holes.,This instrument is played by blowing air into the blow end and covering finger holes.,1.0
xutuli,q8,instrument_type,What type of musical instrument is this?,This is a small conical end-blown wind instrument.,This is a small conical end-blown wind instrument made from bamboo or wood. It is played by blowing air into the blow end and covering finger holes.,0.8242818117141724
xutuli,q9,description,"Give a description of this instrument including its cultural significance, and role in Assamese music.","The Xutuli is a small conical end-blown wind instrument traditionally made from clay or bamboo in the rural communities of Assam. It is played by blowing air directly into one end, producing a distinctly high-pitched, sharp whistling tone. It is an important traditional wind instrument in Assamese folk music. Its compact size and traditional use make it popular during Bihu celebrations.","The Xutuli is a small conical end-blown wind instrument traditionally made from clay or bamboo in the rural communities of Assam. It is played by blowing air directly into one end, producing a distinctly high-pitched, sharp whistling tone. It is an important traditional wind instrument in Assamese folk",0.9953415989875793
xutuli,q1,festival,In which festival is this instrument played?,It is played during Rongali Bihu which is the spring festival of Assam.,This instrument is made from the horn of a male buffalo and is traditionally played by men. It is played by blowing air through the blow hole and covering the finger holes.,0.48675990104675293
xutuli,q2,origin,Where did this instrument originate?,It originated in the rural communities of Assam.,This instrument is made from a single piece of hollowed-out bamboo.,0.2152801752090454
xutuli,q3,material,What material is this instrument made of?,This instrument is made of clay or bamboo.,This instrument is made of clay or bamboo.,1.0
xutuli,q4,parts,Name the major parts of this instrument.,"The main parts of this instrument are hollow body, blow end, and finger holes.",During which festival is this instrument played?,0.43027371168136597
xutuli,q5,sound,What sound does this instrument produce?,"This instrument produces a high-pitched, sharp whistling sound.","This instrument produces a high-pitched, sharp whistling sound.",1.0
xutuli,q6,traditional_player,Which gender traditionally plays this instrument?,This instrument is traditionally played by both men and women.,This instrument is traditionally played by women.,0.8624454736709595
xutuli,q7,playing_method,How is this instrument played?,This instrument is played by blowing air into the blow end and covering finger holes.,This instrument is played by blowing air into the blow end and covering finger holes.,1.0
xutuli,q8,instrument_type,What type of musical instrument is this?,This is a small conical end-blown wind instrument.,This is a small conical end-blown wind instrument made from the horn of a buffalo or deer. It is played by blowing air into one end and covering the other to change the pitch.,0.8332600593566895
xutuli,q9,description,"Give a description of this instrument including its cultural significance, and role in Assamese music.","The Xutuli is a small conical end-blown wind instrument traditionally made from clay or bamboo in the rural communities of Assam. It is played by blowing air directly into one end, producing a distinctly high-pitched, sharp whistling tone. It is an important traditional wind instrument in Assamese folk music. Its compact size and traditional use make it popular during Bihu celebrations.","The Xutuli is a small conical end-blown wind instrument traditionally made from clay or bamboo in the rural communities of Assam. It is played by blowing air directly into one end, producing a distinctly high-pitched, sharp whistling tone. It is an important traditional wind instrument in Assamese folk",0.9953415989875793
bihu_dhol,q1,festival,In which festival is this instrument played?,It is played during Rongali Bihu which is the spring festival of Assam.,This small drum is played by both men and women during Rongali Bihu. It is played by striking the two heads of the drum against each other.,0.6757998466491699
bihu_dhol,q2,origin,Where did this instrument originate?,It originated in the Brahmaputra valley of Assam.,This small drum is played by beating both ends simultaneously. It is played during Rongali Bihu and other folk festivals in Assam.,0.36040735244750977
bihu_dhol,q3,material,What material is this instrument made of?,This instrument is made of wood and animal skin.,This instrument is made of wood and animal skin.,1.0
bihu_dhol,q4,parts,Name the major parts of this instrument.,"The main parts of this instrument are wooden barrel body, two leather drum heads, and carrying strap.","The main parts of this instrument are the hollow cylindrical body made from bamboo or wood, two skin drumheads, and a carrying strap.",0.8710722923278809
bihu_dhol,q5,sound,What sound does this instrument produce?,"This instrument produces a deep, resonant booming sound.","This instrument produces a deep, resonant booming sound.",1.0
bihu_dhol,q6,traditional_player,Which gender traditionally plays this instrument?,This instrument is traditionally played by men.,This instrument is traditionally played by men. It is traditionally played by men.,0.8460373878479004
bihu_dhol,q7,playing_method,How is this instrument played?,This instrument is played by striking both drumheads with the hands and a stick.,This instrument is played by striking both drumheads with the hands.,0.9557717442512512
bihu_dhol,q8,instrument_type,What type of musical instrument is this?,This is a double-headed barrel-shaped percussion instrument.,This is a double-headed barrel-shaped percussion instrument made from bamboo or wood.,0.9012672901153564
bihu_dhol,q9,description,"Give a description of this instrument including its cultural significance, and role in Assamese music.","The Dhol is a double-headed barrel drum and the primary rhythm instrument of Assamese folk music. It holds central significance in Rongali Bihu celebrations. Its deep, booming beats accompany Bihu dance performances and are considered the heartbeat of Assamese cultural gatherings.","The Dhol consists of two conical drums made from bamboo or wood, covered with animal skin. The larger, lower-frequency drum is struck with bare hands while the smaller, higher-frequency drum is struck with drumsticks. Its rhythmic beats provide the foundation for Assamese folk music.",0.855341911315918
bihu_dhol,q1,festival,In which festival is this instrument played?,It is played during Rongali Bihu which is the spring festival of Assam.,This instrument is played during Rongali Bihu which is the spring festival of Assam.,0.8784782886505127
bihu_dhol,q2,origin,Where did this instrument originate?,It originated in the Brahmaputra valley of Assam.,This instrument originated in the Brahmaputra valley of Assam.,0.7332445979118347
bihu_dhol,q3,material,What material is this instrument made of?,This instrument is made of wood and animal skin.,This instrument is made of bamboo and animal skin.,0.9051384925842285
bihu_dhol,q4,parts,Name the major parts of this instrument.,"The main parts of this instrument are wooden barrel body, two leather drum heads, and carrying strap.","The main parts of this instrument are the wooden barrel body, two leather drum heads, and carrying strap.",0.9950873851776123
bihu_dhol,q5,sound,What sound does this instrument produce?,"This instrument produces a deep, resonant booming sound.","This instrument produces a deep, resonant booming sound.",1.0
bihu_dhol,q6,traditional_player,Which gender traditionally plays this instrument?,This instrument is traditionally played by men.,This instrument is traditionally played by men.,1.0
bihu_dhol,q7,playing_method,How is this instrument played?,This instrument is played by striking both drumheads with the hands and a stick.,This instrument is played by striking both drumheads with the hands and a stick.,1.0
bihu_dhol,q8,instrument_type,What type of musical instrument is this?,This is a double-headed barrel-shaped percussion instrument.,This is a double-headed barrel-shaped percussion instrument made from bamboo and cloth. It is played by striking both ends simultaneously.,0.8504419326782227
bihu_dhol,q9,description,"Give a description of this instrument including its cultural significance, and role in Assamese music.","The Dhol is a double-headed barrel drum and the primary rhythm instrument of Assamese folk music. It holds central significance in Rongali Bihu celebrations. Its deep, booming beats accompany Bihu dance performances and are considered the heartbeat of Assamese cultural gatherings.","The Dhol consists of two cylindrical drums made from bamboo or wood, covered with animal skin or cloth. The larger, lower pitch drum is struck with bare hands while the smaller, higher pitch drum is struck with drumsticks. Both drums are played simultaneously to create a rich, rhythmic foundation for Assamese folk music",0.8697468042373657
bihu_dhol,q1,festival,In which festival is this instrument played?,It is played during Rongali Bihu which is the spring festival of Assam.,This small drum is played by both men and women during Bihu festivals. It is played by striking the two heads of the drum against each other.,0.6395389437675476
bihu_dhol,q2,origin,Where did this instrument originate?,It originated in the Brahmaputra valley of Assam.,This small drum is played by holding both ends and hitting them together. It is played during Rongali Bihu.,0.24628964066505432
bihu_dhol,q3,material,What material is this instrument made of?,This instrument is made of wood and animal skin.,This instrument is made of wood and animal skin.,1.0
bihu_dhol,q4,parts,Name the major parts of this instrument.,"The main parts of this instrument are wooden barrel body, two leather drum heads, and carrying strap.","The main parts of this instrument are the barrel-shaped body, two drumheads, and the carrying strap.",0.9384302496910095
bihu_dhol,q5,sound,What sound does this instrument produce?,"This instrument produces a deep, resonant booming sound.","This instrument produces a deep, resonant booming sound.",1.0
bihu_dhol,q6,traditional_player,Which gender traditionally plays this instrument?,This instrument is traditionally played by men.,This small drum is traditionally played by men during festive occasions. It is played by striking the two heads of the drum against each other.,0.6669156551361084
bihu_dhol,q7,playing_method,How is this instrument played?,This instrument is played by striking both drumheads with the hands and a stick.,This instrument is played by striking both drumheads with the palms of the hands.,0.9361457824707031
bihu_dhol,q8,instrument_type,What type of musical instrument is this?,This is a double-headed barrel-shaped percussion instrument.,"This is a double-headed barrel-shaped percussion instrument. It consists of two drumheads made from animal skin, one larger than the other, and struck rhythmically.",0.8757296204566956
bihu_dhol,q9,description,"Give a description of this instrument including its cultural significance, and role in Assamese music.","The Dhol is a double-headed barrel drum and the primary rhythm instrument of Assamese folk music. It holds central significance in Rongali Bihu celebrations. Its deep, booming beats accompany Bihu dance performances and are considered the heartbeat of Assamese cultural gatherings.","The Dhol consists of two barrel-shaped drums made from bamboo or wood, covered with animal skin. The larger side is struck with bare hands while the smaller side is hit with a mallet. It is played by both men and women and is traditionally played during Bihu festivities.",0.8197851181030273
bihu_dhol,q1,festival,In which festival is this instrument played?,It is played during Rongali Bihu which is the spring festival of Assam.,This instrument is played during Rongali Bihu which is the spring festival of Assam. It is played by both men and women. The small end is struck rhythmically while the large end is hit with a stick to produce a sharp crash sound. It is made from a hollowed out tenon root covered with,0.7542933821678162
bihu_dhol,q2,origin,Where did this instrument originate?,It originated in the Brahmaputra valley of Assam.,This instrument originated in the Brahmaputra valley of Assam. It is made from a single piece of wood and has two vibrating surfaces.,0.5237094163894653
bihu_dhol,q3,material,What material is this instrument made of?,This instrument is made of wood and animal skin.,This instrument is made of wood and animal skin.,1.0
bihu_dhol,q4,parts,Name the major parts of this instrument.,"The main parts of this instrument are wooden barrel body, two leather drum heads, and carrying strap.","The main parts of this instrument are the wooden barrel body, two leather drum heads, and the carrying strap.",0.9912288188934326
bihu_dhol,q5,sound,What sound does this instrument produce?,"This instrument produces a deep, resonant booming sound.","This instrument produces a deep, resonant booming sound.",1.0
bihu_dhol,q6,traditional_player,Which gender traditionally plays this instrument?,This instrument is traditionally played by men.,This instrument is traditionally played by men.,1.0
bihu_dhol,q7,playing_method,How is this instrument played?,This instrument is played by striking both drumheads with the hands and a stick.,This instrument is played by striking both drumheads with the hands and a stick.,1.0
bihu_dhol,q8,instrument_type,What type of musical instrument is this?,This is a double-headed barrel-shaped percussion instrument.,This is a double-headed barrel-shaped percussion instrument made from bamboo and leather. It is played by striking both ends simultaneously.,0.8565938472747803
bihu_dhol,q9,description,"Give a description of this instrument including its cultural significance, and role in Assamese music.","The Dhol is a double-headed barrel drum and the primary rhythm instrument of Assamese folk music. It holds central significance in Rongali Bihu celebrations. Its deep, booming beats accompany Bihu dance performances and are considered the heartbeat of Assamese cultural gatherings.","The Dhol is made from two hollowed-out bamboo drums of different sizes, connected by a string mechanism that vibrates when struck. It is played by striking both ends simultaneously or hitting one end while holding the other steady. The Dhol's rhythmic beats provide the foundation for Bihu dances and are an essential component",0.8407823443412781
bihu_dhol,q1,festival,In which festival is this instrument played?,It is played during Rongali Bihu which is the spring festival of Assam.,This small drum is played by both men and women and is traditionally played during Rongali Bihu. It is played by striking the two heads of the drum against each other.,0.6682369112968445
bihu_dhol,q2,origin,Where did this instrument originate?,It originated in the Brahmaputra valley of Assam.,This small drum is played by striking both heads together. It is played during Rongali Bihu and other folk festivals.,0.27968114614486694
bihu_dhol,q3,material,What material is this instrument made of?,This instrument is made of wood and animal skin.,This instrument is made of wood and animal skin.,1.0
bihu_dhol,q4,parts,Name the major parts of this instrument.,"The main parts of this instrument are wooden barrel body, two leather drum heads, and carrying strap.",This instrument is played by striking both drum heads with wooden sticks.,0.6773380041122437
bihu_dhol,q5,sound,What sound does this instrument produce?,"This instrument produces a deep, resonant booming sound.","This instrument produces a deep, resonant booming sound.",1.0
bihu_dhol,q6,traditional_player,Which gender traditionally plays this instrument?,This instrument is traditionally played by men.,This instrument is traditionally played by men. It is traditionally played by men.,0.8460373878479004
bihu_dhol,q7,playing_method,How is this instrument played?,This instrument is played by striking both drumheads with the hands and a stick.,This instrument is played by striking both drumheads with the hands and a stick.,1.0
bihu_dhol,q8,instrument_type,What type of musical instrument is this?,This is a double-headed barrel-shaped percussion instrument.,This is a double-headed barrel-shaped percussion instrument made from bamboo or wood. It is played by striking both ends of the instrument with wooden or metal beaters.,0.8455253839492798
bihu_dhol,q9,description,"Give a description of this instrument including its cultural significance, and role in Assamese music.","The Dhol is a double-headed barrel drum and the primary rhythm instrument of Assamese folk music. It holds central significance in Rongali Bihu celebrations. Its deep, booming beats accompany Bihu dance performances and are considered the heartbeat of Assamese cultural gatherings.","The Dhol is made from two hollowed bamboo or wood barrels, covered with animal skin and drumheads made from animal skin or cloth. The smaller head is struck with a small wooden beater, while the larger head is hit with a larger stick. It is played by striking both heads simultaneously or hitting one head harder",0.7899025082588196
pepa,q1,festival,In which festival is this instrument played?,It is played during Rongali Bihu which is the spring festival of Assam.,"This small conical wind instrument is blown to produce a sharp, piercing sound. It is played by both men and women.",0.4596681594848633
pepa,q2,origin,Where did this instrument originate?,It originated in the plains of Assam.,This instrument originated in the plains of Assam. It is played by blowing air through the blow hole and plucking the vibrating tongue.,0.5552424192428589
pepa,q3,material,What material is this instrument made of?,This instrument is made of buffalo horn and bamboo.,This instrument is made of buffalo horn and bamboo.,1.0
pepa,q4,parts,Name the major parts of this instrument.,"The main parts of this instrument are buffalo horn body, reed and mouthpiece opening.","The main parts of this instrument are buffalo horn body, reed and mouthpiece opening.",1.0
pepa,q5,sound,What sound does this instrument produce?,"This instrument produces a sharp, nasal, piercing sound.","This instrument produces a sharp, nasal, piercing sound.",1.0
pepa,q6,traditional_player,Which gender traditionally plays this instrument?,This instrument is traditionally played by men.,This instrument is traditionally played by men.,1.0
pepa,q7,playing_method,How is this instrument played?,This instrument is played by blowing air through the mouthpiece.,This instrument is played by blowing air through the blow hole and covering finger holes.,0.8548353314399719
pepa,q8,instrument_type,What type of musical instrument is this?,This is a free-reed wind instrument made from buffalo horn and bamboo.,"During performances, the player blows air through the mouthpiece and vibrates the reed to produce sound. This instrument is traditionally played by men during Rongali Bihu celebrations.",0.6469087600708008
pepa,q9,description,"Give a description of this instrument including its cultural significance, and role in Assamese music.","The Pepa is a traditional Assamese wind instrument crafted from the horn of a male buffalo fitted with a small reed made from bamboo, cane, or wood. It is inseparable from Rongali Bihu celebrations and is recognized as one of the most iconic symbols of Assamese folk culture. Its sharp, nasal tone accompanies Bihu dance performances. It is traditionally played by young men during Bihu festivities.","The Pepa is a traditional Assamese wind instrument crafted from the horn of a male buffalo fitted with a small reed made from bamboo, cane, or wood. It is inseparable from Rongali Bihu celebrations and is recognized as one of the most iconic symbols of Assamese folk culture. Its sharp",0.9924410581588745
pepa,q1,festival,In which festival is this instrument played?,It is played during Rongali Bihu which is the spring festival of Assam.,This instrument is played during Rongali Bihu which is the spring festival of Assam. It is played by both men and women.,0.8477962017059326
pepa,q2,origin,Where did this instrument originate?,It originated in the plains of Assam.,This instrument originated in the plains of Assam.,0.7337296009063721
pepa,q3,material,What material is this instrument made of?,This instrument is made of buffalo horn and bamboo.,This instrument is made of buffalo horn and bamboo.,1.0
pepa,q4,parts,Name the major parts of this instrument.,"The main parts of this instrument are buffalo horn body, reed and mouthpiece opening.","The main parts of this instrument are buffalo horn body, reed and mouthpiece opening.",1.0
pepa,q5,sound,What sound does this instrument produce?,"This instrument produces a sharp, nasal, piercing sound.","This instrument produces a sharp, nasal, piercing sound.",1.0
pepa,q6,traditional_player,Which gender traditionally plays this instrument?,This instrument is traditionally played by men.,This instrument is traditionally played by men.,1.0
pepa,q7,playing_method,How is this instrument played?,This instrument is played by blowing air through the mouthpiece.,This instrument is played by blowing air through the blow hole and covering the finger holes.,0.8535645604133606
pepa,q8,instrument_type,What type of musical instrument is this?,This is a free-reed wind instrument made from buffalo horn and bamboo.,"During festivals, this instrument is played by both men and women. It is played by blowing air through the mouthpiece and plucking the reed to produce a sharp, piercing sound.",0.6279860734939575
pepa,q9,description,"Give a description of this instrument including its cultural significance, and role in Assamese music.","The Pepa is a traditional Assamese wind instrument crafted from the horn of a male buffalo fitted with a small reed made from bamboo, cane, or wood. It is inseparable from Rongali Bihu celebrations and is recognized as one of the most iconic symbols of Assamese folk culture. Its sharp, nasal tone accompanies Bihu dance performances. It is traditionally played by young men during Bihu festivities.","The Pepa is a traditional Assamese wind instrument crafted from the horn of a male buffalo fitted with a small reed made from bamboo, cane, or wood. It is inseparable from Rongali Bihu celebrations and is recognized as one of the most iconic symbols of Assamese folk culture. Its sharp",0.9924410581588745
pepa,q1,festival,In which festival is this instrument played?,It is played during Rongali Bihu which is the spring festival of Assam.,This instrument is played during Rongali Bihu which is the spring festival of Assam. It is played by both men and women.,0.8477962017059326
pepa,q2,origin,Where did this instrument originate?,It originated in the plains of Assam.,This instrument originated in the plains of Assam. It is played by blowing air through the blow hole and covering finger holes.,0.57261723279953
pepa,q3,material,What material is this instrument made of?,This instrument is made of buffalo horn and bamboo.,This instrument is made of buffalo horn and bamboo.,1.0
pepa,q4,parts,Name the major parts of this instrument.,"The main parts of this instrument are buffalo horn body, reed and mouthpiece opening.","The main parts of this instrument are buffalo horn body, reed and mouthpiece opening.",1.0
pepa,q5,sound,What sound does this instrument produce?,"This instrument produces a sharp, nasal, piercing sound.","This instrument produces a sharp, nasal, piercing high-pitched sound.",0.9503470659255981
pepa,q6,traditional_player,Which gender traditionally plays this instrument?,This instrument is traditionally played by men.,This instrument is traditionally played by men.,1.0
pepa,q7,playing_method,How is this instrument played?,This instrument is played by blowing air through the mouthpiece.,This instrument is played by blowing air through the blow hole and covering the finger holes.,0.8535645604133606
pepa,q8,instrument_type,What type of musical instrument is this?,This is a free-reed wind instrument made from buffalo horn and bamboo.,"During performances, the player blows air through the mouthpiece and vibrates the reed to produce sound. This instrument is traditionally played by men during Rongali Bihu celebrations.",0.6469087600708008
pepa,q9,description,"Give a description of this instrument including its cultural significance, and role in Assamese music.","The Pepa is a traditional Assamese wind instrument crafted from the horn of a male buffalo fitted with a small reed made from bamboo, cane, or wood. It is inseparable from Rongali Bihu celebrations and is recognized as one of the most iconic symbols of Assamese folk culture. Its sharp, nasal tone accompanies Bihu dance performances. It is traditionally played by young men during Bihu festivities.","The Pepa is a traditional Assamese wind instrument crafted from the horn of a male buffalo fitted with a small reed made from bamboo, cane, or wood. It is inseparable from Rongali Bihu celebrations and is recognized as one of the most iconic symbols of Assamese folk culture. Its sharp",0.9924410581588745
pepa,q1,festival,In which festival is this instrument played?,It is played during Rongali Bihu which is the spring festival of Assam.,"This small conical wind instrument is blown from the bottom end and produces a sharp, piercing sound. It is played by both men and women.",0.4574032723903656
pepa,q2,origin,Where did this instrument originate?,It originated in the plains of Assam.,This instrument is played by blowing air through the blow hole and covering finger holes.,0.1646525114774704
pepa,q3,material,What material is this instrument made of?,This instrument is made of buffalo horn and bamboo.,This instrument is made of buffalo horn and bamboo.,1.0
pepa,q4,parts,Name the major parts of this instrument.,"The main parts of this instrument are buffalo horn body, reed and mouthpiece opening.","The main parts of this instrument are buffalo horn body, reed and mouthpiece opening.",1.0
pepa,q5,sound,What sound does this instrument produce?,"This instrument produces a sharp, nasal, piercing sound.","This instrument produces a sharp, nasal, piercing sound.",1.0
pepa,q6,traditional_player,Which gender traditionally plays this instrument?,This instrument is traditionally played by men.,This instrument is traditionally played by men.,1.0
pepa,q7,playing_method,How is this instrument played?,This instrument is played by blowing air through the mouthpiece.,This instrument is played by blowing air through the blow hole and covering finger holes.,0.8548353314399719
pepa,q8,instrument_type,What type of musical instrument is this?,This is a free-reed wind instrument made from buffalo horn and bamboo.,This is a free-reed wind instrument made from buffalo horn and bamboo. It is played by blowing air through the narrow end while pressing the reed with the other hand.,0.9392910003662109
pepa,q9,description,"Give a description of this instrument including its cultural significance, and role in Assamese music.","The Pepa is a traditional Assamese wind instrument crafted from the horn of a male buffalo fitted with a small reed made from bamboo, cane, or wood. It is inseparable from Rongali Bihu celebrations and is recognized as one of the most iconic symbols of Assamese folk culture. Its sharp, nasal tone accompanies Bihu dance performances. It is traditionally played by young men during Bihu festivities.","The Pepa is a traditional Assamese wind instrument crafted from the horn of a male buffalo fitted with a small reed made from bamboo, cane, or wood. It is inseparable from Rongali Bihu celebrations and is recognized as one of the most iconic symbols of Assamese folk culture. Its sharp",0.9924410581588745
pepa,q1,festival,In which festival is this instrument played?,It is played during Rongali Bihu which is the spring festival of Assam.,This instrument is played during Rongali Bihu which is the spring festival of Assam. It is played by both men and women.,0.8477961421012878
pepa,q2,origin,Where did this instrument originate?,It originated in the plains of Assam.,This instrument is traditionally played during Rongali Bihu in the plains of Assam. It is played by both men and women.,0.5516034364700317
pepa,q3,material,What material is this instrument made of?,This instrument is made of buffalo horn and bamboo.,This instrument is made of buffalo horn and bamboo.,1.0
pepa,q4,parts,Name the major parts of this instrument.,"The main parts of this instrument are buffalo horn body, reed and mouthpiece opening.","The main parts of this instrument are buffalo horn body, reed and mouthpiece opening.",1.0
pepa,q5,sound,What sound does this instrument produce?,"This instrument produces a sharp, nasal, piercing sound.","This instrument produces a sharp, nasal, piercing sound.",1.0
pepa,q6,traditional_player,Which gender traditionally plays this instrument?,This instrument is traditionally played by men.,This instrument is traditionally played by men.,1.0
pepa,q7,playing_method,How is this instrument played?,This instrument is played by blowing air through the mouthpiece.,This instrument is played by blowing air through the blow hole and covering the finger holes.,0.8535645604133606
pepa,q8,instrument_type,What type of musical instrument is this?,This is a free-reed wind instrument made from buffalo horn and bamboo.,"This is a free-reed wind instrument made from buffalo horn and bamboo. It has two reeds that vibrate when blown into, producing a sharp, piercing sound.",0.9425660371780396
pepa,q9,description,"Give a description of this instrument including its cultural significance, and role in Assamese music.","The Pepa is a traditional Assamese wind instrument crafted from the horn of a male buffalo fitted with a small reed made from bamboo, cane, or wood. It is inseparable from Rongali Bihu celebrations and is recognized as one of the most iconic symbols of Assamese folk culture. Its sharp, nasal tone accompanies Bihu dance performances. It is traditionally played by young men during Bihu festivities.","The Pepa is a traditional Assamese wind instrument crafted from the horn of a male buffalo fitted with a small reed made from bamboo, cane, or wood. It is inseparable from Rongali Bihu celebrations and is recognized as one of the most iconic symbols of Assamese folk culture. Its sharp",0.9924410581588745
gogona,q1,festival,In which festival is this instrument played?,It is played during Rongali Bihu which is the spring festival of Assam.,This instrument is played during Rongali Bihu which is the spring festival of Assam.,0.8784782886505127
gogona,q2,origin,Where did this instrument originate?,It originated in the tribal communities of Assam.,This instrument is played by holding both ends and vibrating it while hitting one end with the other hand or a stick.,0.1486707627773285
gogona,q3,material,What material is this instrument made of?,This instrument is made of bamboo.,This instrument is made of bamboo.,0.9999999403953552
gogona,q4,parts,Name the major parts of this instrument.,"The main parts of this instrument are frame, vibrating tongue, and plucking end.","The main parts of this instrument are the frame, vibrating tongue, and plucking end.",0.9958043098449707
gogona,q5,sound,What sound does this instrument produce?,"This instrument produces a soft, twangy, vibrating sound.","This instrument produces a soft, vibrating, high-pitched sound.",0.90482097864151
gogona,q6,traditional_player,Which gender traditionally plays this instrument?,This instrument is traditionally played by women.,This instrument is traditionally played by women.,1.0
gogona,q7,playing_method,How is this instrument played?,This instrument is played by plucking the vibrating tongue near the mouth.,This instrument is played by striking both ends of the vibrating tongue near the mouth.,0.9089847207069397
gogona,q8,instrument_type,What type of musical instrument is this?,This is a mouth-resonated plucked idiophone instrument.,This is a mouth-resonated plucked idiophone instrument made from bamboo. It is played by blowing air into the mouthpiece and plucking the vibrating tongue.,0.8516932725906372
gogona,q9,description,"Give a description of this instrument including its cultural significance, and role in Assamese music.","The Gogona is a small mouth-resonated plucked idiophone traditionally made from bamboo and associated with the tribal communities of Assam. It is played by holding the frame near the mouth and plucking the vibrating tongue, using the oral cavity as a resonance chamber to amplify and shape its soft, twangy sound. The Gogona is one of the few Assamese instruments traditionally played by young women during Rongali Bihu. Its unique playing technique makes it one of the most culturally distinctive instruments of Assam.","The Gogona is a small mouth-resonated plucked idiophone traditionally made from bamboo and associated with the tribal communities of Assam. It is played by holding the frame near the mouth and plucking the vibrating tongue, using the oral cavity as a resonance chamber to amplify and shape its soft, twangy",0.9753868579864502
gogona,q1,festival,In which festival is this instrument played?,It is played during Rongali Bihu which is the spring festival of Assam.,This instrument is played during Rongali Bihu which is the spring festival of Assam. It is played by both men and women.,0.8477961421012878
gogona,q2,origin,Where did this instrument originate?,It originated in the tribal communities of Assam.,This instrument originated in the tribal communities of Assam. It is played by blowing air through the blow hole and plucking the vibrating tongue.,0.5825034976005554
gogona,q3,material,What material is this instrument made of?,This instrument is made of bamboo.,This instrument is made of bamboo.,0.9999999403953552
gogona,q4,parts,Name the major parts of this instrument.,"The main parts of this instrument are frame, vibrating tongue, and plucking end.","The main parts of this instrument are the frame, vibrating tongue, and plucking end.",0.9958043098449707
gogona,q5,sound,What sound does this instrument produce?,"This instrument produces a soft, twangy, vibrating sound.","This instrument produces a soft, vibrating, high-pitched sound.",0.90482097864151
gogona,q6,traditional_player,Which gender traditionally plays this instrument?,This instrument is traditionally played by women.,This instrument is traditionally played by women.,1.0
gogona,q7,playing_method,How is this instrument played?,This instrument is played by plucking the vibrating tongue near the mouth.,This instrument is played by plucking the vibrating tongue near the mouth.,1.0
gogona,q8,instrument_type,What type of musical instrument is this?,This is a mouth-resonated plucked idiophone instrument.,"During performances, this instrument is played by clapping the two bamboo pieces together.",0.4341414272785187
gogona,q9,description,"Give a description of this instrument including its cultural significance, and role in Assamese music.","The Gogona is a small mouth-resonated plucked idiophone traditionally made from bamboo and associated with the tribal communities of Assam. It is played by holding the frame near the mouth and plucking the vibrating tongue, using the oral cavity as a resonance chamber to amplify and shape its soft, twangy sound. The Gogona is one of the few Assamese instruments traditionally played by young women during Rongali Bihu. Its unique playing technique makes it one of the most culturally distinctive instruments of Assam.","The Gogona is a small mouth-resonated plucked idiophone traditionally made from bamboo and associated with the tribal communities of Assam. It is played by holding the frame near the mouth and plucking the vibrating tongue, using the oral cavity as a resonance chamber to amplify and shape its soft, twangy",0.9753868579864502
gogona,q1,festival,In which festival is this instrument played?,It is played during Rongali Bihu which is the spring festival of Assam.,This small mouthpiece percussion instrument is made from a thin strip of bamboo or wood. It is played by blowing air through the narrow end.,0.48182839155197144
gogona,q2,origin,Where did this instrument originate?,It originated in the tribal communities of Assam.,This instrument is played by holding both ends near the mouth and vibrating it to produce a buzzing sound.,0.181220144033432
gogona,q3,material,What material is this instrument made of?,This instrument is made of bamboo.,This instrument is made of bamboo.,0.9999999403953552
gogona,q4,parts,Name the major parts of this instrument.,"The main parts of this instrument are frame, vibrating tongue, and plucking end.","The main parts of this instrument are the frame, vibrating tongue, and plucking end.",0.9958043098449707
gogona,q5,sound,What sound does this instrument produce?,"This instrument produces a soft, twangy, vibrating sound.","This instrument produces a soft, vibrating, clicking sound.",0.8445379734039307
gogona,q6,traditional_player,Which gender traditionally plays this instrument?,This instrument is traditionally played by women.,This instrument is traditionally played by women.,1.0
gogona,q7,playing_method,How is this instrument played?,This instrument is played by plucking the vibrating tongue near the mouth.,This instrument is played by plucking the vibrating tongue near the mouth.,1.0
gogona,q8,instrument_type,What type of musical instrument is this?,This is a mouth-resonated plucked idiophone instrument.,This is a mouth-resonated plucked idiophone instrument made from bamboo or wood. It is played by blowing air through the mouthpiece and plucking the vibrating tongue with the right hand.,0.8473961353302002
gogona,q9,description,"Give a description of this instrument including its cultural significance, and role in Assamese music.","The Gogona is a small mouth-resonated plucked idiophone traditionally made from bamboo and associated with the tribal communities of Assam. It is played by holding the frame near the mouth and plucking the vibrating tongue, using the oral cavity as a resonance chamber to amplify and shape its soft, twangy sound. The Gogona is one of the few Assamese instruments traditionally played by young women during Rongali Bihu. Its unique playing technique makes it one of the most culturally distinctive instruments of Assam.","The Gogona is a small mouth-resonated plucked idiophone traditionally made from bamboo and associated with the tribal communities of Assam. It is played by holding the frame near the mouth and plucking the vibrating tongue, using the oral cavity as a resonance chamber to amplify and shape its soft, twangy",0.9753868579864502
gogona,q1,festival,In which festival is this instrument played?,It is played during Rongali Bihu which is the spring festival of Assam.,This instrument is played during Rongali Bihu which is the spring festival of Assam. It is played by blowing air through the blow hole and plucking the vibrating tongue.,0.7666105031967163
gogona,q2,origin,Where did this instrument originate?,It originated in the tribal communities of Assam.,This instrument is played by holding both ends near the mouth and beating it with one hand while pulling the other end away from the mouth.,0.23018206655979156
gogona,q3,material,What material is this instrument made of?,This instrument is made of bamboo.,This instrument is made of bamboo.,0.9999999403953552
gogona,q4,parts,Name the major parts of this instrument.,"The main parts of this instrument are frame, vibrating tongue, and plucking end.","The main parts of this instrument are the frame, vibrating tongue, and plucking end.",0.9958043098449707
gogona,q5,sound,What sound does this instrument produce?,"This instrument produces a soft, twangy, vibrating sound.","This instrument produces a soft, vibrating, clicking sound.",0.8445379734039307
gogona,q6,traditional_player,Which gender traditionally plays this instrument?,This instrument is traditionally played by women.,This instrument is traditionally played by women.,1.0
gogona,q7,playing_method,How is this instrument played?,This instrument is played by plucking the vibrating tongue near the mouth.,This instrument is played by plucking the vibrating tongue near the mouth.,1.0
gogona,q8,instrument_type,What type of musical instrument is this?,This is a mouth-resonated plucked idiophone instrument.,"During performances, this instrument is played by clapping the two bamboo pieces together near the mouth.",0.5306128859519958
gogona,q9,description,"Give a description of this instrument including its cultural significance, and role in Assamese music.","The Gogona is a small mouth-resonated plucked idiophone traditionally made from bamboo and associated with the tribal communities of Assam. It is played by holding the frame near the mouth and plucking the vibrating tongue, using the oral cavity as a resonance chamber to amplify and shape its soft, twangy sound. The Gogona is one of the few Assamese instruments traditionally played by young women during Rongali Bihu. Its unique playing technique makes it one of the most culturally distinctive instruments of Assam.","The Gogona is a small mouth-resonated plucked idiophone traditionally made from bamboo and associated with the tribal communities of Assam. It is played by holding the frame near the mouth and plucking the vibrating tongue, using the oral cavity as a resonance chamber to amplify and shape its soft, twangy",0.9753868579864502
gogona,q1,festival,In which festival is this instrument played?,It is played during Rongali Bihu which is the spring festival of Assam.,This instrument is played during Rongali Bihu which is the spring festival of Assam. It is played by both men and women.,0.8477961421012878
gogona,q2,origin,Where did this instrument originate?,It originated in the tribal communities of Assam.,This instrument originated in the tribal communities of Assam. It is made from bamboo and has two bamboo reed blowers attached to either end.,0.5524545907974243
gogona,q3,material,What material is this instrument made of?,This instrument is made of bamboo.,This instrument is made of bamboo.,0.9999999403953552
gogona,q4,parts,Name the major parts of this instrument.,"The main parts of this instrument are frame, vibrating tongue, and plucking end.","The main parts of this instrument are the frame, vibrating tongue, and plucking end.",0.9958043098449707
gogona,q5,sound,What sound does this instrument produce?,"This instrument produces a soft, twangy, vibrating sound.","This instrument produces a soft, vibrating, high-pitched sound.",0.90482097864151
gogona,q6,traditional_player,Which gender traditionally plays this instrument?,This instrument is traditionally played by women.,This instrument is traditionally played by women.,1.0
gogona,q7,playing_method,How is this instrument played?,This instrument is played by plucking the vibrating tongue near the mouth.,This instrument is played by striking both ends of the vibrating tongue against each other.,0.8925682306289673
gogona,q8,instrument_type,What type of musical instrument is this?,This is a mouth-resonated plucked idiophone instrument.,This is a mouth-resonated plucked idiophone instrument. It is made from bamboo and has two bamboo tongue pieces that are struck against each other to produce sound.,0.847581684589386
gogona,q9,description,"Give a description of this instrument including its cultural significance, and role in Assamese music.","The Gogona is a small mouth-resonated plucked idiophone traditionally made from bamboo and associated with the tribal communities of Assam. It is played by holding the frame near the mouth and plucking the vibrating tongue, using the oral cavity as a resonance chamber to amplify and shape its soft, twangy sound. The Gogona is one of the few Assamese instruments traditionally played by young women during Rongali Bihu. Its unique playing technique makes it one of the most culturally distinctive instruments of Assam.","The Gogona is a small mouth-resonated plucked idiophone traditionally made from bamboo and associated with the tribal communities of Assam. It is played by holding the frame near the mouth and plucking the vibrating tongue, using the oral cavity as a resonance chamber to amplify and shape its soft, twangy",0.9753868579864502
