image,instrument,question_id,concept,question,ground_truth,prediction,axis_2a_content,axis_2b_hedge,axis_1_alignment,axis_1_misaligned_target,axis_3_correctness,axis_4_completeness,axis_5_termination,axis_6_repetition,axis_7_unsupported,core_category,needs_review,toka_q9_limitation,taxonomy_error
/kaggle/input/datasets/bbeastboy/assamese-instrument-vlm-datasetqwen2-5-vl-3b/kaggle_dataset32/dataset_32images/bahi/test/bahi_test1.jpg,bahi,q1,festival,In which festival is this instrument played?,It is played during Rongali Bihu which is the spring festival of Assam.,"This small, conical wind instrument is made from a single piece of bamboo. It is blown from both ends to produce a sharp, piercing sound.",yes,no,misaligned,material,not_applicable,not_applicable,intact,absent,present,Question Misunderstanding,False,False,
/kaggle/input/datasets/bbeastboy/assamese-instrument-vlm-datasetqwen2-5-vl-3b/kaggle_dataset32/dataset_32images/bahi/test/bahi_test1.jpg,bahi,q2,origin,Where did this instrument originate?,It originated in the rural communities of Assam.,This instrument is made by splitting a bamboo stick lengthwise and inserting a small piece of bamboo at one end.,yes,no,misaligned,material,not_applicable,not_applicable,intact,absent,present,Question Misunderstanding,False,False,
/kaggle/input/datasets/bbeastboy/assamese-instrument-vlm-datasetqwen2-5-vl-3b/kaggle_dataset32/dataset_32images/bahi/test/bahi_test2.jpg,bahi,q1,festival,In which festival is this instrument played?,It is played during Rongali Bihu which is the spring festival of Assam.,"This small, conical wind instrument is made from a single piece of bamboo and is traditionally played by women.",yes,no,misaligned,instrument_type,not_applicable,not_applicable,intact,absent,present,Question Misunderstanding,False,False,
/kaggle/input/datasets/bbeastboy/assamese-instrument-vlm-datasetqwen2-5-vl-3b/kaggle_dataset32/dataset_32images/bahi/test/bahi_test2.jpg,bahi,q2,origin,Where did this instrument originate?,It originated in the rural communities of Assam.,This instrument is made by splitting a bamboo cane lengthwise and inserting small pieces of bamboo inside.,yes,no,misaligned,material,not_applicable,not_applicable,intact,absent,present,Question Misunderstanding,False,False,
/kaggle/input/datasets/bbeastboy/assamese-instrument-vlm-datasetqwen2-5-vl-3b/kaggle_dataset32/dataset_32images/bahi/test/bahi_test2.jpg,bahi,q5,sound,What sound does this instrument produce?,"This instrument produces a soft, melodic, flute-like sound.",The thin end of this instrument is blown to produce sound. It is played by blowing air through the narrow end and covering the open end with the lips.,yes,no,misaligned,playing_method,not_applicable,not_applicable,intact,absent,present,Question Misunderstanding,False,False,
/kaggle/input/datasets/bbeastboy/assamese-instrument-vlm-datasetqwen2-5-vl-3b/kaggle_dataset32/dataset_32images/bahi/test/bahi_test2.jpg,bahi,q7,playing_method,How is this instrument played?,This instrument is played by blowing air across the blow hole and covering finger holes.,This instrument is played by placing both mouthpieces in the airflow and covering finger holes with one hand while covering the other mouthpiece with the other hand.,yes,no,aligned,,incorrect,not_applicable,intact,absent,present,Hallucination,False,False,
/kaggle/input/datasets/bbeastboy/assamese-instrument-vlm-datasetqwen2-5-vl-3b/kaggle_dataset32/dataset_32images/bahi/test/bahi_test3.jpg,bahi,q2,origin,Where did this instrument originate?,It originated in the rural communities of Assam.,This instrument is made from a single piece of bamboo and consists of two separate pieces connected by a joint.,yes,no,misaligned,material,not_applicable,not_applicable,intact,absent,present,Question Misunderstanding,False,False,
/kaggle/input/datasets/bbeastboy/assamese-instrument-vlm-datasetqwen2-5-vl-3b/kaggle_dataset32/dataset_32images/bahi/test/bahi_test4.jpg,bahi,q2,origin,Where did this instrument originate?,It originated in the rural communities of Assam.,This instrument is made from a single piece of bamboo and has two blow holes. It is played by blowing air through both ends.,yes,no,misaligned,material,not_applicable,not_applicable,intact,absent,present,Question Misunderstanding,False,False,
/kaggle/input/datasets/bbeastboy/assamese-instrument-vlm-datasetqwen2-5-vl-3b/kaggle_dataset32/dataset_32images/bahi/test/bahi_test4.jpg,bahi,q9,description,"Give a description of this instrument including its cultural significance, and role in Assamese music.","The Bahi is a traditional Assamese transverse flute made entirely from bamboo, played by blowing air across a side blow hole while controlling pitch through finger holes along the tube. It is one of the oldest melodic instruments in Assamese folk music and is prominently used during Rongali Bihu celebrations. Unlike the rhythm-keeping instruments of the Bihu ensemble, the Bahi carries the melodic layer with its soft, flute-like tone. It is traditionally played by men and is closely associated with pastoral and folk music traditions of Assam.","The Bahi is a transverse bamboo flute that is traditionally made from a single piece of bamboo. It is played by blowing air across a side blow hole while controlling pitch through finger holes along the tube. The Bahi is one of the oldest transverse flutes in Assamese folk music and is traditionally played by men. It is closely associated with pastoral and folk music traditions of Assam. Its soft, flute-like tone makes it suitable for accompanying other rhythmic instruments during Bihu celebrations.",yes,no,aligned,,correct,partial,intact,absent,none,Partial Answer,False,False,
/kaggle/input/datasets/bbeastboy/assamese-instrument-vlm-datasetqwen2-5-vl-3b/kaggle_dataset32/dataset_32images/bahi/test/bahi_test5.jpg,bahi,q1,festival,In which festival is this instrument played?,It is played during Rongali Bihu which is the spring festival of Assam.,This instrument is blown to produce a high pitched wailing sound. It is played by both men and women.,yes,no,misaligned,sound,not_applicable,not_applicable,intact,absent,present,Question Misunderstanding,False,False,
/kaggle/input/datasets/bbeastboy/assamese-instrument-vlm-datasetqwen2-5-vl-3b/kaggle_dataset32/dataset_32images/bahi/test/bahi_test5.jpg,bahi,q2,origin,Where did this instrument originate?,It originated in the rural communities of Assam.,"This instrument is made from a single piece of bamboo and is blown to produce a high-pitched, sharp tone.",yes,no,misaligned,material,not_applicable,not_applicable,intact,absent,present,Question Misunderstanding,False,False,
/kaggle/input/datasets/bbeastboy/assamese-instrument-vlm-datasetqwen2-5-vl-3b/kaggle_dataset32/dataset_32images/bahi/test/bahi_test5.jpg,bahi,q4,parts,Name the major parts of this instrument.,"The main parts of this instrument are bamboo tube body, blow hole and finger holes.",During which festival is this instrument played?,yes,no,misaligned,festival,not_applicable,not_applicable,intact,absent,present,Question Misunderstanding,False,False,
/kaggle/input/datasets/bbeastboy/assamese-instrument-vlm-datasetqwen2-5-vl-3b/kaggle_dataset32/dataset_32images/toka/test/toka_test1.jpg,toka,q2,origin,Where did this instrument originate?,It originated in the rural communities of Assam.,This instrument is played by holding both ends and vibrating the vibrating bar by striking it against the other end or a hard surface.,yes,no,misaligned,playing_method,not_applicable,not_applicable,intact,absent,present,Question Misunderstanding,False,False,
/kaggle/input/datasets/bbeastboy/assamese-instrument-vlm-datasetqwen2-5-vl-3b/kaggle_dataset32/dataset_32images/toka/test/toka_test1.jpg,toka,q4,parts,Name the major parts of this instrument.,"The main parts of this instrument are two bamboo pieces, hinged joint, and striking ends.",This instrument is played by striking both ends with the fingers.,yes,no,misaligned,playing_method,not_applicable,not_applicable,intact,absent,present,Question Misunderstanding,False,False,
/kaggle/input/datasets/bbeastboy/assamese-instrument-vlm-datasetqwen2-5-vl-3b/kaggle_dataset32/dataset_32images/toka/test/toka_test1.jpg,toka,q6,traditional_player,Which gender traditionally plays this instrument?,This instrument is traditionally played by both men and women.,This instrument is traditionally played by women.,yes,no,aligned,,incorrect,not_applicable,intact,absent,present,Hallucination,False,False,
/kaggle/input/datasets/bbeastboy/assamese-instrument-vlm-datasetqwen2-5-vl-3b/kaggle_dataset32/dataset_32images/toka/test/toka_test1.jpg,toka,q7,playing_method,How is this instrument played?,This instrument is played by clapping the two bamboo pieces against each other.,This instrument is played by striking both ends of the bamboo piece against each other.,yes,no,aligned,,incorrect,not_applicable,intact,absent,present,Hallucination,False,False,
/kaggle/input/datasets/bbeastboy/assamese-instrument-vlm-datasetqwen2-5-vl-3b/kaggle_dataset32/dataset_32images/toka/test/toka_test1.jpg,toka,q8,instrument_type,What type of musical instrument is this?,This is a bamboo clapper percussion instrument.,"During performances, this instrument is played by striking the two ends of the bamboo stick together.",yes,no,misaligned,playing_method,not_applicable,not_applicable,intact,absent,present,Question Misunderstanding,False,False,
/kaggle/input/datasets/bbeastboy/assamese-instrument-vlm-datasetqwen2-5-vl-3b/kaggle_dataset32/dataset_32images/toka/test/toka_test2.jpg,toka,q1,festival,In which festival is this instrument played?,It is played during Rongali Bihu which is the spring festival of Assam.,"This small, cone-shaped instrument is made of bamboo and a small piece of metal or stone. It is blown to make a sharp, clicking sound.",yes,no,misaligned,material,not_applicable,not_applicable,intact,absent,present,Question Misunderstanding,False,False,
/kaggle/input/datasets/bbeastboy/assamese-instrument-vlm-datasetqwen2-5-vl-3b/kaggle_dataset32/dataset_32images/toka/test/toka_test2.jpg,toka,q2,origin,Where did this instrument originate?,It originated in the rural communities of Assam.,This instrument is played by holding both ends and vibrating the vibrating bar while plucking the ring.,yes,no,misaligned,playing_method,not_applicable,not_applicable,intact,absent,present,Question Misunderstanding,False,False,
/kaggle/input/datasets/bbeastboy/assamese-instrument-vlm-datasetqwen2-5-vl-3b/kaggle_dataset32/dataset_32images/toka/test/toka_test2.jpg,toka,q6,traditional_player,Which gender traditionally plays this instrument?,This instrument is traditionally played by both men and women.,This instrument is traditionally played by women.,yes,no,aligned,,incorrect,not_applicable,intact,absent,present,Hallucination,False,False,
/kaggle/input/datasets/bbeastboy/assamese-instrument-vlm-datasetqwen2-5-vl-3b/kaggle_dataset32/dataset_32images/toka/test/toka_test2.jpg,toka,q7,playing_method,How is this instrument played?,This instrument is played by clapping the two bamboo pieces against each other.,This instrument is played by striking the two metal bars against each other.,yes,no,aligned,,incorrect,not_applicable,intact,absent,present,Hallucination,False,False,
/kaggle/input/datasets/bbeastboy/assamese-instrument-vlm-datasetqwen2-5-vl-3b/kaggle_dataset32/dataset_32images/toka/test/toka_test3.jpg,toka,q1,festival,In which festival is this instrument played?,It is played during Rongali Bihu which is the spring festival of Assam.,"This small conical wind instrument is blown to produce a sharp, piercing sound. It is played by both men and women.",yes,no,misaligned,sound,not_applicable,not_applicable,intact,absent,present,Question Misunderstanding,False,False,
/kaggle/input/datasets/bbeastboy/assamese-instrument-vlm-datasetqwen2-5-vl-3b/kaggle_dataset32/dataset_32images/toka/test/toka_test3.jpg,toka,q2,origin,Where did this instrument originate?,It originated in the rural communities of Assam.,This instrument is made from a single piece of bamboo and consists of two vibrating pieces connected by a string.,yes,no,misaligned,material,not_applicable,not_applicable,intact,absent,present,Question Misunderstanding,False,False,
/kaggle/input/datasets/bbeastboy/assamese-instrument-vlm-datasetqwen2-5-vl-3b/kaggle_dataset32/dataset_32images/toka/test/toka_test3.jpg,toka,q6,traditional_player,Which gender traditionally plays this instrument?,This instrument is traditionally played by both men and women.,This instrument is traditionally played by women.,yes,no,aligned,,incorrect,not_applicable,intact,absent,present,Hallucination,False,False,
/kaggle/input/datasets/bbeastboy/assamese-instrument-vlm-datasetqwen2-5-vl-3b/kaggle_dataset32/dataset_32images/toka/test/toka_test4.jpg,toka,q4,parts,Name the major parts of this instrument.,"The main parts of this instrument are two bamboo pieces, hinged joint, and striking ends.",During which festival is this instrument played?,yes,no,misaligned,festival,not_applicable,not_applicable,intact,absent,present,Question Misunderstanding,False,False,
/kaggle/input/datasets/bbeastboy/assamese-instrument-vlm-datasetqwen2-5-vl-3b/kaggle_dataset32/dataset_32images/toka/test/toka_test4.jpg,toka,q6,traditional_player,Which gender traditionally plays this instrument?,This instrument is traditionally played by both men and women.,This instrument is traditionally played by women.,yes,no,aligned,,incorrect,not_applicable,intact,absent,present,Hallucination,False,False,
/kaggle/input/datasets/bbeastboy/assamese-instrument-vlm-datasetqwen2-5-vl-3b/kaggle_dataset32/dataset_32images/toka/test/toka_test4.jpg,toka,q7,playing_method,How is this instrument played?,This instrument is played by clapping the two bamboo pieces against each other.,This instrument is played by striking the two bamboo pieces together near the mouthpiece.,yes,no,aligned,,incorrect,not_applicable,intact,absent,present,Hallucination,False,False,
/kaggle/input/datasets/bbeastboy/assamese-instrument-vlm-datasetqwen2-5-vl-3b/kaggle_dataset32/dataset_32images/toka/test/toka_test5.jpg,toka,q1,festival,In which festival is this instrument played?,It is played during Rongali Bihu which is the spring festival of Assam.,This instrument is made by splitting a bamboo stick lengthwise and wrapping it with cloth.,yes,no,misaligned,material,not_applicable,not_applicable,intact,absent,present,Question Misunderstanding,False,False,
/kaggle/input/datasets/bbeastboy/assamese-instrument-vlm-datasetqwen2-5-vl-3b/kaggle_dataset32/dataset_32images/toka/test/toka_test5.jpg,toka,q6,traditional_player,Which gender traditionally plays this instrument?,This instrument is traditionally played by both men and women.,This instrument is traditionally played by women.,yes,no,aligned,,incorrect,not_applicable,intact,absent,present,Hallucination,False,False,
/kaggle/input/datasets/bbeastboy/assamese-instrument-vlm-datasetqwen2-5-vl-3b/kaggle_dataset32/dataset_32images/khutitaal/test/khutitaal_test1.jpg,khutitaal,q1,festival,In which festival is this instrument played?,It is played during Rongali Bihu which is the spring festival of Assam.,"This small, round, flat percussion instrument is made from a split bamboo or wood cylinder. It is played by striking both ends of the instrument against each other.",yes,no,misaligned,instrument_type,not_applicable,not_applicable,intact,absent,present,Question Misunderstanding,False,False,
/kaggle/input/datasets/bbeastboy/assamese-instrument-vlm-datasetqwen2-5-vl-3b/kaggle_dataset32/dataset_32images/khutitaal/test/khutitaal_test1.jpg,khutitaal,q2,origin,Where did this instrument originate?,It originated in the Brahmaputra valley of Assam.,"This small, conical percussion instrument is made from the hollowed horn or bone of a cattle or buffalo. It is traditionally played during Rongali Bihu celebrations.",yes,no,misaligned,material,not_applicable,not_applicable,intact,absent,present,Question Misunderstanding,False,False,
/kaggle/input/datasets/bbeastboy/assamese-instrument-vlm-datasetqwen2-5-vl-3b/kaggle_dataset32/dataset_32images/khutitaal/test/khutitaal_test1.jpg,khutitaal,q4,parts,Name the major parts of this instrument.,The main parts of this instrument are two small cymbal discs and connecting cord.,The main parts of this instrument are two small metal discs and connecting cord.,yes,no,aligned,,incorrect,not_applicable,intact,absent,present,Hallucination,False,False,
/kaggle/input/datasets/bbeastboy/assamese-instrument-vlm-datasetqwen2-5-vl-3b/kaggle_dataset32/dataset_32images/khutitaal/test/khutitaal_test1.jpg,khutitaal,q6,traditional_player,Which gender traditionally plays this instrument?,This instrument is traditionally played by both men and women.,"This small, round, conical percussion instrument is traditionally made from the hollowed stem of a grass plant or bamboo.",yes,no,misaligned,instrument_type,not_applicable,not_applicable,intact,absent,present,Question Misunderstanding,False,False,
/kaggle/input/datasets/bbeastboy/assamese-instrument-vlm-datasetqwen2-5-vl-3b/kaggle_dataset32/dataset_32images/khutitaal/test/khutitaal_test1.jpg,khutitaal,q9,description,"Give a description of this instrument including its cultural significance, and role in Assamese music.","The Khuti-Taal is a small paired cymbal instrument made of bell metal, a brass alloy traditionally crafted in the Brahmaputra valley of Assam. It consists of two small metal discs connected by a cord and struck together to produce a bright, high-pitched ringing sound that provides rhythmic accompaniment during Bihu performances. The Khuti-Taal is traditionally played by both men and women and is commonly used alongside the Dhol and Pepa during Rongali Bihu performances. Its metallic timbre and compact size make it an important rhythm-keeping instrument in Assamese folk music.","The Khuti-Taal is a small paired cymbal instrument made of bell metal, a brass alloy traditionally crafted in the Brahmaputra valley of Assam. It consists of two small metal discs connected by a cord and struck together to produce a bright, high-pitched ringing sound that provides rhythmic accompaniment during Bihu performances. The Khuti-Taal is traditionally played by both men and women and is commonly used alongside the Dhol and Pepa during Rongali Bihu performances. Its metallic timbre and compact size make it an important rhythm-keeping instrument in Assamese folk music.",yes,no,aligned,,correct,partial,intact,absent,none,Partial Answer,False,False,
/kaggle/input/datasets/bbeastboy/assamese-instrument-vlm-datasetqwen2-5-vl-3b/kaggle_dataset32/dataset_32images/khutitaal/test/khutitaal_test2.jpg,khutitaal,q6,traditional_player,Which gender traditionally plays this instrument?,This instrument is traditionally played by both men and women.,This instrument is traditionally played by women.,yes,no,aligned,,incorrect,not_applicable,intact,absent,present,Hallucination,False,False,
/kaggle/input/datasets/bbeastboy/assamese-instrument-vlm-datasetqwen2-5-vl-3b/kaggle_dataset32/dataset_32images/khutitaal/test/khutitaal_test2.jpg,khutitaal,q9,description,"Give a description of this instrument including its cultural significance, and role in Assamese music.","The Khuti-Taal is a small paired cymbal instrument made of bell metal, a brass alloy traditionally crafted in the Brahmaputra valley of Assam. It consists of two small metal discs connected by a cord and struck together to produce a bright, high-pitched ringing sound that provides rhythmic accompaniment during Bihu performances. The Khuti-Taal is traditionally played by both men and women and is commonly used alongside the Dhol and Pepa during Rongali Bihu performances. Its metallic timbre and compact size make it an important rhythm-keeping instrument in Assamese folk music.","The Khuti-Taal is a small paired cymbal instrument made of bell metal, a brass alloy traditionally crafted in the Brahmaputra valley of Assam. It consists of two small metal discs connected by a cord and struck together to produce a bright, high-pitched ringing sound that provides rhythmic accompaniment during Bihu performances. The Khuti-Taal is traditionally played by both men and women and is commonly used alongside the Dhol and Pepa during Rongali Bihu performances. Its metallic timbre and compact size make it an important rhythm-keeping instrument in Assamese folk music.",yes,no,aligned,,correct,partial,intact,absent,none,Partial Answer,False,False,
/kaggle/input/datasets/bbeastboy/assamese-instrument-vlm-datasetqwen2-5-vl-3b/kaggle_dataset32/dataset_32images/khutitaal/test/khutitaal_test3.jpg,khutitaal,q5,sound,What sound does this instrument produce?,"This instrument produces a bright, high-pitched ringing sound.","This instrument produces a sharp, metallic ringing sound.",yes,no,aligned,,incorrect,not_applicable,intact,absent,present,Hallucination,False,False,
/kaggle/input/datasets/bbeastboy/assamese-instrument-vlm-datasetqwen2-5-vl-3b/kaggle_dataset32/dataset_32images/khutitaal/test/khutitaal_test3.jpg,khutitaal,q6,traditional_player,Which gender traditionally plays this instrument?,This instrument is traditionally played by both men and women.,This instrument is traditionally played by men.,yes,no,aligned,,incorrect,not_applicable,intact,absent,present,Hallucination,False,False,
/kaggle/input/datasets/bbeastboy/assamese-instrument-vlm-datasetqwen2-5-vl-3b/kaggle_dataset32/dataset_32images/khutitaal/test/khutitaal_test3.jpg,khutitaal,q8,instrument_type,What type of musical instrument is this?,This is a small paired metal cymbal percussion instrument.,"During performances, this instrument is used in pairs and is played by striking both cymbals against each other.",yes,no,aligned,,correct,partial,intact,absent,present,Partial Answer,False,False,
/kaggle/input/datasets/bbeastboy/assamese-instrument-vlm-datasetqwen2-5-vl-3b/kaggle_dataset32/dataset_32images/khutitaal/test/khutitaal_test3.jpg,khutitaal,q9,description,"Give a description of this instrument including its cultural significance, and role in Assamese music.","The Khuti-Taal is a small paired cymbal instrument made of bell metal, a brass alloy traditionally crafted in the Brahmaputra valley of Assam. It consists of two small metal discs connected by a cord and struck together to produce a bright, high-pitched ringing sound that provides rhythmic accompaniment during Bihu performances. The Khuti-Taal is traditionally played by both men and women and is commonly used alongside the Dhol and Pepa during Rongali Bihu performances. Its metallic timbre and compact size make it an important rhythm-keeping instrument in Assamese folk music.","The Khuti-Taal is a small paired cymbal instrument made of bell metal, a brass alloy traditionally crafted in the Brahmaputra valley of Assam. It consists of two small metal discs connected by a cord and struck together to produce a bright, high-pitched ringing sound that provides rhythmic accompaniment during Bihu performances. The Khuti-Taal is traditionally played by both men and women and is commonly used alongside the Dhol and Pepa during Rongali Bihu performances. Its metallic timbre and compact size make it an important rhythm-keeping instrument in Assamese folk music.",yes,no,aligned,,correct,partial,intact,absent,none,Partial Answer,False,False,
/kaggle/input/datasets/bbeastboy/assamese-instrument-vlm-datasetqwen2-5-vl-3b/kaggle_dataset32/dataset_32images/khutitaal/test/khutitaal_test4.jpg,khutitaal,q4,parts,Name the major parts of this instrument.,The main parts of this instrument are two small cymbal discs and connecting cord.,During which season is this instrument played traditionally?,yes,no,misaligned,festival,not_applicable,not_applicable,intact,absent,present,Question Misunderstanding,False,False,
/kaggle/input/datasets/bbeastboy/assamese-instrument-vlm-datasetqwen2-5-vl-3b/kaggle_dataset32/dataset_32images/khutitaal/test/khutitaal_test4.jpg,khutitaal,q6,traditional_player,Which gender traditionally plays this instrument?,This instrument is traditionally played by both men and women.,"During festivals, this instrument is traditionally played by young men.",yes,no,aligned,,incorrect,not_applicable,intact,absent,present,Hallucination,False,False,
/kaggle/input/datasets/bbeastboy/assamese-instrument-vlm-datasetqwen2-5-vl-3b/kaggle_dataset32/dataset_32images/khutitaal/test/khutitaal_test4.jpg,khutitaal,q8,instrument_type,What type of musical instrument is this?,This is a small paired metal cymbal percussion instrument.,"During performances, this instrument is played by striking both cymbal heads together or hitting one head against a hard surface.",yes,no,misaligned,playing_method,not_applicable,not_applicable,intact,absent,present,Question Misunderstanding,False,False,
/kaggle/input/datasets/bbeastboy/assamese-instrument-vlm-datasetqwen2-5-vl-3b/kaggle_dataset32/dataset_32images/khutitaal/test/khutitaal_test4.jpg,khutitaal,q9,description,"Give a description of this instrument including its cultural significance, and role in Assamese music.","The Khuti-Taal is a small paired cymbal instrument made of bell metal, a brass alloy traditionally crafted in the Brahmaputra valley of Assam. It consists of two small metal discs connected by a cord and struck together to produce a bright, high-pitched ringing sound that provides rhythmic accompaniment during Bihu performances. The Khuti-Taal is traditionally played by both men and women and is commonly used alongside the Dhol and Pepa during Rongali Bihu performances. Its metallic timbre and compact size make it an important rhythm-keeping instrument in Assamese folk music.","The Khuti-Taal is a small paired cymbal instrument made of bell metal, a brass alloy traditionally crafted in the Brahmaputra valley of Assam. It consists of two small metal discs connected by a cord and struck together to produce a bright, high-pitched ringing sound that provides rhythmic accompaniment during Bihu performances. The Khuti-Taal is traditionally played by both men and women and is commonly used alongside the Dhol and Pepa during Rongali Bihu performances. Its metallic timbre and compact size make it an important rhythm-keeping instrument in Assamese folk music.",yes,no,aligned,,correct,partial,intact,absent,none,Partial Answer,False,False,
/kaggle/input/datasets/bbeastboy/assamese-instrument-vlm-datasetqwen2-5-vl-3b/kaggle_dataset32/dataset_32images/khutitaal/test/khutitaal_test5.jpg,khutitaal,q1,festival,In which festival is this instrument played?,It is played during Rongali Bihu which is the spring festival of Assam.,This small flat percussion instrument is traditionally made from the hollowed horn or bone of a cattle or buffalo. It is played by striking two pieces of the instrument together or against a hard surface.,yes,no,misaligned,material,not_applicable,not_applicable,intact,absent,present,Question Misunderstanding,False,False,
/kaggle/input/datasets/bbeastboy/assamese-instrument-vlm-datasetqwen2-5-vl-3b/kaggle_dataset32/dataset_32images/khutitaal/test/khutitaal_test5.jpg,khutitaal,q2,origin,Where did this instrument originate?,It originated in the Brahmaputra valley of Assam.,"This small, conical percussion instrument is traditionally played by men during Rongali Bihu. It is made by shaping a piece of clay or wood into a cone shape and hitting it with the palm of the hand or a stick.",yes,no,misaligned,traditional_player,not_applicable,not_applicable,intact,absent,present,Question Misunderstanding,False,False,
/kaggle/input/datasets/bbeastboy/assamese-instrument-vlm-datasetqwen2-5-vl-3b/kaggle_dataset32/dataset_32images/khutitaal/test/khutitaal_test5.jpg,khutitaal,q4,parts,Name the major parts of this instrument.,The main parts of this instrument are two small cymbal discs and connecting cord.,The main parts of this instrument are two small metal discs and connecting cord.,yes,no,aligned,,incorrect,not_applicable,intact,absent,present,Hallucination,False,False,
/kaggle/input/datasets/bbeastboy/assamese-instrument-vlm-datasetqwen2-5-vl-3b/kaggle_dataset32/dataset_32images/khutitaal/test/khutitaal_test5.jpg,khutitaal,q5,sound,What sound does this instrument produce?,"This instrument produces a bright, high-pitched ringing sound.","This instrument produces a sharp, dry clicking sound.",yes,no,aligned,,incorrect,not_applicable,intact,absent,present,Hallucination,False,False,
/kaggle/input/datasets/bbeastboy/assamese-instrument-vlm-datasetqwen2-5-vl-3b/kaggle_dataset32/dataset_32images/khutitaal/test/khutitaal_test5.jpg,khutitaal,q6,traditional_player,Which gender traditionally plays this instrument?,This instrument is traditionally played by both men and women.,This instrument is traditionally played by women.,yes,no,aligned,,incorrect,not_applicable,intact,absent,present,Hallucination,False,False,
/kaggle/input/datasets/bbeastboy/assamese-instrument-vlm-datasetqwen2-5-vl-3b/kaggle_dataset32/dataset_32images/khutitaal/test/khutitaal_test5.jpg,khutitaal,q9,description,"Give a description of this instrument including its cultural significance, and role in Assamese music.","The Khuti-Taal is a small paired cymbal instrument made of bell metal, a brass alloy traditionally crafted in the Brahmaputra valley of Assam. It consists of two small metal discs connected by a cord and struck together to produce a bright, high-pitched ringing sound that provides rhythmic accompaniment during Bihu performances. The Khuti-Taal is traditionally played by both men and women and is commonly used alongside the Dhol and Pepa during Rongali Bihu performances. Its metallic timbre and compact size make it an important rhythm-keeping instrument in Assamese folk music.","The Khuti-Taal is a small paired cymbal instrument made of bell metal, a brass alloy traditionally crafted in the Brahmaputra valley of Assam. It consists of two small metal discs connected by a cord and struck together to produce a bright, high-pitched ringing sound that provides rhythmic accompaniment during Bihu performances. The Khuti-Taal is traditionally played by both men and women and is commonly used alongside the Dhol and Pepa during Rongali Bihu performances. Its metallic timbre and compact size make it an important rhythm-keeping instrument in Assamese folk music.",yes,no,aligned,,correct,partial,intact,absent,none,Partial Answer,False,False,
/kaggle/input/datasets/bbeastboy/assamese-instrument-vlm-datasetqwen2-5-vl-3b/kaggle_dataset32/dataset_32images/xutuli/test/xutuli_test1.jpg,xutuli,q2,origin,Where did this instrument originate?,It originated in the rural communities of Assam.,This instrument is played by blowing air through the blow hole and covering finger holes.,yes,no,misaligned,playing_method,not_applicable,not_applicable,intact,absent,present,Question Misunderstanding,False,False,
/kaggle/input/datasets/bbeastboy/assamese-instrument-vlm-datasetqwen2-5-vl-3b/kaggle_dataset32/dataset_32images/xutuli/test/xutuli_test1.jpg,xutuli,q4,parts,Name the major parts of this instrument.,"The main parts of this instrument are hollow body, blow end, and finger holes.",During which festival is this instrument played?,yes,no,misaligned,festival,not_applicable,not_applicable,intact,absent,present,Question Misunderstanding,False,False,
/kaggle/input/datasets/bbeastboy/assamese-instrument-vlm-datasetqwen2-5-vl-3b/kaggle_dataset32/dataset_32images/xutuli/test/xutuli_test1.jpg,xutuli,q6,traditional_player,Which gender traditionally plays this instrument?,This instrument is traditionally played by both men and women.,This instrument is traditionally played by women.,yes,no,aligned,,incorrect,not_applicable,intact,absent,present,Hallucination,False,False,
/kaggle/input/datasets/bbeastboy/assamese-instrument-vlm-datasetqwen2-5-vl-3b/kaggle_dataset32/dataset_32images/xutuli/test/xutuli_test2.jpg,xutuli,q1,festival,In which festival is this instrument played?,It is played during Rongali Bihu which is the spring festival of Assam.,"This small, conical instrument is made from a single piece of stone or bamboo and is traditionally played by women. It is played by blowing air through the narrow end while clapping the two larger ends together.",yes,no,misaligned,material,not_applicable,not_applicable,intact,absent,present,Question Misunderstanding,False,False,
/kaggle/input/datasets/bbeastboy/assamese-instrument-vlm-datasetqwen2-5-vl-3b/kaggle_dataset32/dataset_32images/xutuli/test/xutuli_test2.jpg,xutuli,q2,origin,Where did this instrument originate?,It originated in the rural communities of Assam.,This instrument is played by blowing air into the blow end and covering the finger holes.,yes,no,misaligned,playing_method,not_applicable,not_applicable,intact,absent,present,Question Misunderstanding,False,False,
/kaggle/input/datasets/bbeastboy/assamese-instrument-vlm-datasetqwen2-5-vl-3b/kaggle_dataset32/dataset_32images/xutuli/test/xutuli_test2.jpg,xutuli,q6,traditional_player,Which gender traditionally plays this instrument?,This instrument is traditionally played by both men and women.,This instrument is traditionally played by women.,yes,no,aligned,,incorrect,not_applicable,intact,absent,present,Hallucination,False,False,
/kaggle/input/datasets/bbeastboy/assamese-instrument-vlm-datasetqwen2-5-vl-3b/kaggle_dataset32/dataset_32images/xutuli/test/xutuli_test3.jpg,xutuli,q1,festival,In which festival is this instrument played?,It is played during Rongali Bihu which is the spring festival of Assam.,This small mouthpiece wind instrument is made of bamboo and a piece of cloth or leather. It is blown from the bottom end.,yes,no,misaligned,material,not_applicable,not_applicable,intact,absent,present,Question Misunderstanding,False,False,
/kaggle/input/datasets/bbeastboy/assamese-instrument-vlm-datasetqwen2-5-vl-3b/kaggle_dataset32/dataset_32images/xutuli/test/xutuli_test3.jpg,xutuli,q2,origin,Where did this instrument originate?,It originated in the rural communities of Assam.,This instrument is played by placing both mouthpieces against the cheeks and blowing air through them.,yes,no,misaligned,playing_method,not_applicable,not_applicable,intact,absent,present,Question Misunderstanding,False,False,
/kaggle/input/datasets/bbeastboy/assamese-instrument-vlm-datasetqwen2-5-vl-3b/kaggle_dataset32/dataset_32images/xutuli/test/xutuli_test3.jpg,xutuli,q6,traditional_player,Which gender traditionally plays this instrument?,This instrument is traditionally played by both men and women.,This instrument is traditionally played by women.,yes,no,aligned,,incorrect,not_applicable,intact,absent,present,Hallucination,False,False,
/kaggle/input/datasets/bbeastboy/assamese-instrument-vlm-datasetqwen2-5-vl-3b/kaggle_dataset32/dataset_32images/xutuli/test/xutuli_test4.jpg,xutuli,q2,origin,Where did this instrument originate?,It originated in the rural communities of Assam.,This instrument is played by holding both ends and hitting it with the fingers or a stick.,yes,no,misaligned,playing_method,not_applicable,not_applicable,intact,absent,present,Question Misunderstanding,False,False,
/kaggle/input/datasets/bbeastboy/assamese-instrument-vlm-datasetqwen2-5-vl-3b/kaggle_dataset32/dataset_32images/xutuli/test/xutuli_test4.jpg,xutuli,q6,traditional_player,Which gender traditionally plays this instrument?,This instrument is traditionally played by both men and women.,This instrument is traditionally played by women.,yes,no,aligned,,incorrect,not_applicable,intact,absent,present,Hallucination,False,False,
/kaggle/input/datasets/bbeastboy/assamese-instrument-vlm-datasetqwen2-5-vl-3b/kaggle_dataset32/dataset_32images/xutuli/test/xutuli_test5.jpg,xutuli,q1,festival,In which festival is this instrument played?,It is played during Rongali Bihu which is the spring festival of Assam.,This instrument is made from the horn of a male buffalo and is traditionally played by men. It is played by blowing air through the blow hole and covering the finger holes.,yes,no,misaligned,material,not_applicable,not_applicable,intact,absent,present,Question Misunderstanding,False,False,
/kaggle/input/datasets/bbeastboy/assamese-instrument-vlm-datasetqwen2-5-vl-3b/kaggle_dataset32/dataset_32images/xutuli/test/xutuli_test5.jpg,xutuli,q2,origin,Where did this instrument originate?,It originated in the rural communities of Assam.,This instrument is made from a single piece of hollowed-out bamboo.,yes,no,misaligned,material,not_applicable,not_applicable,intact,absent,present,Question Misunderstanding,False,False,
/kaggle/input/datasets/bbeastboy/assamese-instrument-vlm-datasetqwen2-5-vl-3b/kaggle_dataset32/dataset_32images/xutuli/test/xutuli_test5.jpg,xutuli,q4,parts,Name the major parts of this instrument.,"The main parts of this instrument are hollow body, blow end, and finger holes.",During which festival is this instrument played?,yes,no,misaligned,festival,not_applicable,not_applicable,intact,absent,present,Question Misunderstanding,False,False,
/kaggle/input/datasets/bbeastboy/assamese-instrument-vlm-datasetqwen2-5-vl-3b/kaggle_dataset32/dataset_32images/xutuli/test/xutuli_test5.jpg,xutuli,q6,traditional_player,Which gender traditionally plays this instrument?,This instrument is traditionally played by both men and women.,This instrument is traditionally played by women.,yes,no,aligned,,incorrect,not_applicable,intact,absent,present,Hallucination,False,False,
/kaggle/input/datasets/bbeastboy/assamese-instrument-vlm-datasetqwen2-5-vl-3b/kaggle_dataset32/dataset_32images/bihu_dhol/test/bihu_dhol_test1.jpg,bihu_dhol,q2,origin,Where did this instrument originate?,It originated in the Brahmaputra valley of Assam.,This small drum is played by beating both ends simultaneously. It is played during Rongali Bihu and other folk festivals in Assam.,yes,no,misaligned,playing_method,not_applicable,not_applicable,intact,absent,present,Question Misunderstanding,False,False,
/kaggle/input/datasets/bbeastboy/assamese-instrument-vlm-datasetqwen2-5-vl-3b/kaggle_dataset32/dataset_32images/bihu_dhol/test/bihu_dhol_test1.jpg,bihu_dhol,q4,parts,Name the major parts of this instrument.,"The main parts of this instrument are wooden barrel body, two leather drum heads, and carrying strap.","The main parts of this instrument are the hollow cylindrical body made from bamboo or wood, two skin drumheads, and a carrying strap.",yes,no,aligned,,incorrect,not_applicable,intact,absent,present,Hallucination,False,False,
/kaggle/input/datasets/bbeastboy/assamese-instrument-vlm-datasetqwen2-5-vl-3b/kaggle_dataset32/dataset_32images/bihu_dhol/test/bihu_dhol_test1.jpg,bihu_dhol,q7,playing_method,How is this instrument played?,This instrument is played by striking both drumheads with the hands and a stick.,This instrument is played by striking both drumheads with the hands.,yes,no,aligned,,incorrect,not_applicable,intact,absent,none,Hallucination,False,False,
/kaggle/input/datasets/bbeastboy/assamese-instrument-vlm-datasetqwen2-5-vl-3b/kaggle_dataset32/dataset_32images/bihu_dhol/test/bihu_dhol_test1.jpg,bihu_dhol,q9,description,"Give a description of this instrument including its cultural significance, and role in Assamese music.","The Dhol is a double-headed barrel drum and the primary rhythm instrument of Assamese folk music. It holds central significance in Rongali Bihu celebrations. Its deep, booming beats accompany Bihu dance performances and are considered the heartbeat of Assamese cultural gatherings.","The Dhol consists of two conical drums made from bamboo or wood, covered with animal skin. The larger, lower-frequency drum is struck with bare hands while the smaller, higher-frequency drum is struck with drumsticks. Its rhythmic beats provide the foundation for Assamese folk music.",yes,no,aligned,,correct,partial,intact,absent,present,Partial Answer,False,False,
/kaggle/input/datasets/bbeastboy/assamese-instrument-vlm-datasetqwen2-5-vl-3b/kaggle_dataset32/dataset_32images/bihu_dhol/test/bihu_dhol_test2.jpg,bihu_dhol,q3,material,What material is this instrument made of?,This instrument is made of wood and animal skin.,This instrument is made of bamboo and animal skin.,yes,no,aligned,,incorrect,not_applicable,intact,absent,present,Hallucination,False,False,
/kaggle/input/datasets/bbeastboy/assamese-instrument-vlm-datasetqwen2-5-vl-3b/kaggle_dataset32/dataset_32images/bihu_dhol/test/bihu_dhol_test2.jpg,bihu_dhol,q9,description,"Give a description of this instrument including its cultural significance, and role in Assamese music.","The Dhol is a double-headed barrel drum and the primary rhythm instrument of Assamese folk music. It holds central significance in Rongali Bihu celebrations. Its deep, booming beats accompany Bihu dance performances and are considered the heartbeat of Assamese cultural gatherings.","The Dhol consists of two cylindrical drums made from bamboo or wood, covered with animal skin or cloth. The larger, lower pitch drum is struck with bare hands while the smaller, higher pitch drum is struck with drumsticks. Both drums are played simultaneously to create a rich, rhythmic foundation for Assamese folk music.",yes,no,aligned,,correct,partial,intact,absent,present,Partial Answer,False,False,
/kaggle/input/datasets/bbeastboy/assamese-instrument-vlm-datasetqwen2-5-vl-3b/kaggle_dataset32/dataset_32images/bihu_dhol/test/bihu_dhol_test3.jpg,bihu_dhol,q2,origin,Where did this instrument originate?,It originated in the Brahmaputra valley of Assam.,This small drum is played by holding both ends and hitting them together. It is played during Rongali Bihu.,yes,no,misaligned,playing_method,not_applicable,not_applicable,intact,absent,present,Question Misunderstanding,False,False,
/kaggle/input/datasets/bbeastboy/assamese-instrument-vlm-datasetqwen2-5-vl-3b/kaggle_dataset32/dataset_32images/bihu_dhol/test/bihu_dhol_test3.jpg,bihu_dhol,q7,playing_method,How is this instrument played?,This instrument is played by striking both drumheads with the hands and a stick.,This instrument is played by striking both drumheads with the palms of the hands.,yes,no,aligned,,incorrect,not_applicable,intact,absent,present,Hallucination,False,False,
/kaggle/input/datasets/bbeastboy/assamese-instrument-vlm-datasetqwen2-5-vl-3b/kaggle_dataset32/dataset_32images/bihu_dhol/test/bihu_dhol_test3.jpg,bihu_dhol,q9,description,"Give a description of this instrument including its cultural significance, and role in Assamese music.","The Dhol is a double-headed barrel drum and the primary rhythm instrument of Assamese folk music. It holds central significance in Rongali Bihu celebrations. Its deep, booming beats accompany Bihu dance performances and are considered the heartbeat of Assamese cultural gatherings.","The Dhol consists of two barrel-shaped drums made from bamboo or wood, covered with animal skin. The larger side is struck with bare hands while the smaller side is hit with a mallet. It is played by both men and women and is traditionally played during Bihu festivities.",yes,no,aligned,,correct,partial,intact,absent,present,Partial Answer,False,False,
/kaggle/input/datasets/bbeastboy/assamese-instrument-vlm-datasetqwen2-5-vl-3b/kaggle_dataset32/dataset_32images/bihu_dhol/test/bihu_dhol_test4.jpg,bihu_dhol,q9,description,"Give a description of this instrument including its cultural significance, and role in Assamese music.","The Dhol is a double-headed barrel drum and the primary rhythm instrument of Assamese folk music. It holds central significance in Rongali Bihu celebrations. Its deep, booming beats accompany Bihu dance performances and are considered the heartbeat of Assamese cultural gatherings.","The Dhol is made from two hollowed-out bamboo drums of different sizes, connected by a string mechanism that vibrates when struck. It is played by striking both ends simultaneously or hitting one end while holding the other steady. The Dhol's rhythmic beats provide the foundation for Bihu dances and are an essential component of traditional Assamese musical ensembles.",yes,no,aligned,,correct,partial,intact,absent,present,Partial Answer,False,False,
/kaggle/input/datasets/bbeastboy/assamese-instrument-vlm-datasetqwen2-5-vl-3b/kaggle_dataset32/dataset_32images/bihu_dhol/test/bihu_dhol_test5.jpg,bihu_dhol,q2,origin,Where did this instrument originate?,It originated in the Brahmaputra valley of Assam.,This small drum is played by striking both heads together. It is played during Rongali Bihu and other folk festivals.,yes,no,misaligned,playing_method,not_applicable,not_applicable,intact,absent,present,Question Misunderstanding,False,False,
/kaggle/input/datasets/bbeastboy/assamese-instrument-vlm-datasetqwen2-5-vl-3b/kaggle_dataset32/dataset_32images/bihu_dhol/test/bihu_dhol_test5.jpg,bihu_dhol,q4,parts,Name the major parts of this instrument.,"The main parts of this instrument are wooden barrel body, two leather drum heads, and carrying strap.",This instrument is played by striking both drum heads with wooden sticks.,yes,no,misaligned,playing_method,not_applicable,not_applicable,intact,absent,present,Question Misunderstanding,False,False,
/kaggle/input/datasets/bbeastboy/assamese-instrument-vlm-datasetqwen2-5-vl-3b/kaggle_dataset32/dataset_32images/bihu_dhol/test/bihu_dhol_test5.jpg,bihu_dhol,q9,description,"Give a description of this instrument including its cultural significance, and role in Assamese music.","The Dhol is a double-headed barrel drum and the primary rhythm instrument of Assamese folk music. It holds central significance in Rongali Bihu celebrations. Its deep, booming beats accompany Bihu dance performances and are considered the heartbeat of Assamese cultural gatherings.","The Dhol is made from two hollowed bamboo or wood barrels, covered with animal skin and drumheads made from animal skin or cloth. The smaller head is struck with a small wooden beater, while the larger head is hit with a larger stick. It is played by striking both heads simultaneously or hitting one head harder than the other to create different tones.",yes,no,misaligned,material,not_applicable,not_applicable,intact,absent,present,Question Misunderstanding,False,False,
/kaggle/input/datasets/bbeastboy/assamese-instrument-vlm-datasetqwen2-5-vl-3b/kaggle_dataset32/dataset_32images/pepa/test/pepa_test1.jpg,pepa,q1,festival,In which festival is this instrument played?,It is played during Rongali Bihu which is the spring festival of Assam.,"This small conical wind instrument is blown to produce a sharp, piercing sound. It is played by both men and women.",yes,no,misaligned,sound,not_applicable,not_applicable,intact,absent,present,Question Misunderstanding,False,False,
/kaggle/input/datasets/bbeastboy/assamese-instrument-vlm-datasetqwen2-5-vl-3b/kaggle_dataset32/dataset_32images/pepa/test/pepa_test1.jpg,pepa,q7,playing_method,How is this instrument played?,This instrument is played by blowing air through the mouthpiece.,This instrument is played by blowing air through the blow hole and covering finger holes.,yes,no,aligned,,incorrect,not_applicable,intact,absent,present,Hallucination,False,False,
/kaggle/input/datasets/bbeastboy/assamese-instrument-vlm-datasetqwen2-5-vl-3b/kaggle_dataset32/dataset_32images/pepa/test/pepa_test1.jpg,pepa,q8,instrument_type,What type of musical instrument is this?,This is a free-reed wind instrument made from buffalo horn and bamboo.,"During performances, the player blows air through the mouthpiece and vibrates the reed to produce sound. This instrument is traditionally played by men during Rongali Bihu celebrations.",yes,no,misaligned,playing_method,not_applicable,not_applicable,intact,absent,present,Question Misunderstanding,False,False,
/kaggle/input/datasets/bbeastboy/assamese-instrument-vlm-datasetqwen2-5-vl-3b/kaggle_dataset32/dataset_32images/pepa/test/pepa_test2.jpg,pepa,q7,playing_method,How is this instrument played?,This instrument is played by blowing air through the mouthpiece.,This instrument is played by blowing air through the blow hole and covering the finger holes.,yes,no,aligned,,incorrect,not_applicable,intact,absent,present,Hallucination,False,False,
/kaggle/input/datasets/bbeastboy/assamese-instrument-vlm-datasetqwen2-5-vl-3b/kaggle_dataset32/dataset_32images/pepa/test/pepa_test2.jpg,pepa,q8,instrument_type,What type of musical instrument is this?,This is a free-reed wind instrument made from buffalo horn and bamboo.,"During festivals, this instrument is played by both men and women. It is played by blowing air through the mouthpiece and plucking the reed to produce a sharp, piercing sound.",yes,no,misaligned,festival,not_applicable,not_applicable,intact,absent,present,Question Misunderstanding,False,False,
/kaggle/input/datasets/bbeastboy/assamese-instrument-vlm-datasetqwen2-5-vl-3b/kaggle_dataset32/dataset_32images/pepa/test/pepa_test3.jpg,pepa,q5,sound,What sound does this instrument produce?,"This instrument produces a sharp, nasal, piercing sound.","This instrument produces a sharp, nasal, piercing high-pitched sound.",yes,no,aligned,,incorrect,not_applicable,intact,absent,present,Hallucination,False,False,
/kaggle/input/datasets/bbeastboy/assamese-instrument-vlm-datasetqwen2-5-vl-3b/kaggle_dataset32/dataset_32images/pepa/test/pepa_test3.jpg,pepa,q7,playing_method,How is this instrument played?,This instrument is played by blowing air through the mouthpiece.,This instrument is played by blowing air through the blow hole and covering the finger holes.,yes,no,aligned,,incorrect,not_applicable,intact,absent,present,Hallucination,False,False,
/kaggle/input/datasets/bbeastboy/assamese-instrument-vlm-datasetqwen2-5-vl-3b/kaggle_dataset32/dataset_32images/pepa/test/pepa_test3.jpg,pepa,q8,instrument_type,What type of musical instrument is this?,This is a free-reed wind instrument made from buffalo horn and bamboo.,"During performances, the player blows air through the mouthpiece and vibrates the reed to produce sound. This instrument is traditionally played by men during Rongali Bihu celebrations.",yes,no,misaligned,playing_method,not_applicable,not_applicable,intact,absent,present,Question Misunderstanding,False,False,
/kaggle/input/datasets/bbeastboy/assamese-instrument-vlm-datasetqwen2-5-vl-3b/kaggle_dataset32/dataset_32images/pepa/test/pepa_test4.jpg,pepa,q1,festival,In which festival is this instrument played?,It is played during Rongali Bihu which is the spring festival of Assam.,"This small conical wind instrument is blown from the bottom end and produces a sharp, piercing sound. It is played by both men and women.",yes,no,misaligned,playing_method,not_applicable,not_applicable,intact,absent,present,Question Misunderstanding,False,False,
/kaggle/input/datasets/bbeastboy/assamese-instrument-vlm-datasetqwen2-5-vl-3b/kaggle_dataset32/dataset_32images/pepa/test/pepa_test4.jpg,pepa,q2,origin,Where did this instrument originate?,It originated in the plains of Assam.,This instrument is played by blowing air through the blow hole and covering finger holes.,yes,no,misaligned,playing_method,not_applicable,not_applicable,intact,absent,present,Question Misunderstanding,False,False,
/kaggle/input/datasets/bbeastboy/assamese-instrument-vlm-datasetqwen2-5-vl-3b/kaggle_dataset32/dataset_32images/pepa/test/pepa_test4.jpg,pepa,q7,playing_method,How is this instrument played?,This instrument is played by blowing air through the mouthpiece.,This instrument is played by blowing air through the blow hole and covering finger holes.,yes,no,aligned,,incorrect,not_applicable,intact,absent,present,Hallucination,False,False,
/kaggle/input/datasets/bbeastboy/assamese-instrument-vlm-datasetqwen2-5-vl-3b/kaggle_dataset32/dataset_32images/pepa/test/pepa_test5.jpg,pepa,q7,playing_method,How is this instrument played?,This instrument is played by blowing air through the mouthpiece.,This instrument is played by blowing air through the blow hole and covering the finger holes.,yes,no,aligned,,incorrect,not_applicable,intact,absent,present,Hallucination,False,False,
/kaggle/input/datasets/bbeastboy/assamese-instrument-vlm-datasetqwen2-5-vl-3b/kaggle_dataset32/dataset_32images/gogona/test/gogona_test1.jpg,gogona,q2,origin,Where did this instrument originate?,It originated in the tribal communities of Assam.,This instrument is played by holding both ends and vibrating it while hitting one end with the other hand or a stick.,yes,no,misaligned,playing_method,not_applicable,not_applicable,intact,absent,present,Question Misunderstanding,False,False,
/kaggle/input/datasets/bbeastboy/assamese-instrument-vlm-datasetqwen2-5-vl-3b/kaggle_dataset32/dataset_32images/gogona/test/gogona_test1.jpg,gogona,q5,sound,What sound does this instrument produce?,"This instrument produces a soft, twangy, vibrating sound.","This instrument produces a soft, vibrating, high-pitched sound.",yes,no,aligned,,incorrect,not_applicable,intact,absent,present,Hallucination,False,False,
/kaggle/input/datasets/bbeastboy/assamese-instrument-vlm-datasetqwen2-5-vl-3b/kaggle_dataset32/dataset_32images/gogona/test/gogona_test1.jpg,gogona,q7,playing_method,How is this instrument played?,This instrument is played by plucking the vibrating tongue near the mouth.,This instrument is played by striking both ends of the vibrating tongue near the mouth.,yes,no,aligned,,incorrect,not_applicable,intact,absent,present,Hallucination,False,False,
/kaggle/input/datasets/bbeastboy/assamese-instrument-vlm-datasetqwen2-5-vl-3b/kaggle_dataset32/dataset_32images/gogona/test/gogona_test2.jpg,gogona,q5,sound,What sound does this instrument produce?,"This instrument produces a soft, twangy, vibrating sound.","This instrument produces a soft, vibrating, high-pitched sound.",yes,no,aligned,,incorrect,not_applicable,intact,absent,present,Hallucination,False,False,
/kaggle/input/datasets/bbeastboy/assamese-instrument-vlm-datasetqwen2-5-vl-3b/kaggle_dataset32/dataset_32images/gogona/test/gogona_test2.jpg,gogona,q8,instrument_type,What type of musical instrument is this?,This is a mouth-resonated plucked idiophone instrument.,"During performances, this instrument is played by clapping the two bamboo pieces together.",yes,no,misaligned,playing_method,not_applicable,not_applicable,intact,absent,present,Question Misunderstanding,False,False,
/kaggle/input/datasets/bbeastboy/assamese-instrument-vlm-datasetqwen2-5-vl-3b/kaggle_dataset32/dataset_32images/gogona/test/gogona_test3.jpg,gogona,q1,festival,In which festival is this instrument played?,It is played during Rongali Bihu which is the spring festival of Assam.,This small mouthpiece percussion instrument is made from a thin strip of bamboo or wood.,yes,no,misaligned,material,not_applicable,not_applicable,intact,absent,present,Question Misunderstanding,False,False,
/kaggle/input/datasets/bbeastboy/assamese-instrument-vlm-datasetqwen2-5-vl-3b/kaggle_dataset32/dataset_32images/gogona/test/gogona_test3.jpg,gogona,q2,origin,Where did this instrument originate?,It originated in the tribal communities of Assam.,This instrument is played by holding both ends near the mouth and vibrating it to produce a buzzing sound.,yes,no,misaligned,playing_method,not_applicable,not_applicable,intact,absent,present,Question Misunderstanding,False,False,
/kaggle/input/datasets/bbeastboy/assamese-instrument-vlm-datasetqwen2-5-vl-3b/kaggle_dataset32/dataset_32images/gogona/test/gogona_test3.jpg,gogona,q5,sound,What sound does this instrument produce?,"This instrument produces a soft, twangy, vibrating sound.","This instrument produces a soft, vibrating, clicking sound.",yes,no,aligned,,incorrect,not_applicable,intact,absent,present,Hallucination,False,False,
/kaggle/input/datasets/bbeastboy/assamese-instrument-vlm-datasetqwen2-5-vl-3b/kaggle_dataset32/dataset_32images/gogona/test/gogona_test4.jpg,gogona,q2,origin,Where did this instrument originate?,It originated in the tribal communities of Assam.,This instrument is played by holding both ends near the mouth and beating it with one hand while pulling the other end away from the mouth.,yes,no,misaligned,playing_method,not_applicable,not_applicable,intact,absent,present,Question Misunderstanding,False,False,
/kaggle/input/datasets/bbeastboy/assamese-instrument-vlm-datasetqwen2-5-vl-3b/kaggle_dataset32/dataset_32images/gogona/test/gogona_test4.jpg,gogona,q5,sound,What sound does this instrument produce?,"This instrument produces a soft, twangy, vibrating sound.","This instrument produces a soft, vibrating, clicking sound.",yes,no,aligned,,incorrect,not_applicable,intact,absent,present,Hallucination,False,False,
/kaggle/input/datasets/bbeastboy/assamese-instrument-vlm-datasetqwen2-5-vl-3b/kaggle_dataset32/dataset_32images/gogona/test/gogona_test4.jpg,gogona,q8,instrument_type,What type of musical instrument is this?,This is a mouth-resonated plucked idiophone instrument.,"During performances, this instrument is played by clapping the two bamboo pieces together near the mouth.",yes,no,misaligned,playing_method,not_applicable,not_applicable,intact,absent,present,Question Misunderstanding,False,False,
/kaggle/input/datasets/bbeastboy/assamese-instrument-vlm-datasetqwen2-5-vl-3b/kaggle_dataset32/dataset_32images/gogona/test/gogona_test5.jpg,gogona,q5,sound,What sound does this instrument produce?,"This instrument produces a soft, twangy, vibrating sound.","This instrument produces a soft, vibrating, high-pitched sound.",yes,no,aligned,,incorrect,not_applicable,intact,absent,present,Hallucination,False,False,
/kaggle/input/datasets/bbeastboy/assamese-instrument-vlm-datasetqwen2-5-vl-3b/kaggle_dataset32/dataset_32images/gogona/test/gogona_test5.jpg,gogona,q7,playing_method,How is this instrument played?,This instrument is played by plucking the vibrating tongue near the mouth.,This instrument is played by striking both ends of the vibrating tongue against each other.,yes,no,aligned,,incorrect,not_applicable,intact,absent,present,Hallucination,False,False,
