instrument,question_id,concept,question,ground_truth,prediction,lave_score,reason,cosine_similarity
gogona,q1,festival,In which festival is this instrument played?,It is played during Rongali Bihu which is the spring festival of Assam.,This instrument is played during Rongali Bihu which is the spring festival of Assam. It is played by both men and women.,1.0,The predicted answer contains the full ground truth information and adds extra relevant context without introducing any inaccuracies.,0.8784782886505127
gogona,q1,festival,In which festival is this instrument played?,It is played during Rongali Bihu which is the spring festival of Assam.,This instrument is played during Rongali Bihu which is the spring festival of Assam. It is played by both men and women.,1.0,The predicted answer contains the full ground truth information and adds extra relevant context without introducing any inaccuracies.,0.8477961421012878
gogona,q1,festival,In which festival is this instrument played?,It is played during Rongali Bihu which is the spring festival of Assam.,This instrument is played during Rongali Bihu which is the spring festival of Assam. It is played by both men and women.,1.0,The predicted answer contains the full ground truth information and adds extra relevant context without introducing any inaccuracies.,0.48182839155197144
gogona,q1,festival,In which festival is this instrument played?,It is played during Rongali Bihu which is the spring festival of Assam.,This instrument is played during Rongali Bihu which is the spring festival of Assam. It is played by both men and women.,1.0,The predicted answer contains the full ground truth information and adds extra relevant context without introducing any inaccuracies.,0.7666105031967163
gogona,q1,festival,In which festival is this instrument played?,It is played during Rongali Bihu which is the spring festival of Assam.,This instrument is played during Rongali Bihu which is the spring festival of Assam. It is played by both men and women.,1.0,The predicted answer contains the full ground truth information and adds extra relevant context without introducing any inaccuracies.,0.8477961421012878
gogona,q2,origin,Where did this instrument originate?,It originated in the tribal communities of Assam.,This instrument originated in the tribal communities of Assam. It is made from bamboo and has two bamboo reed blowers attached to either end.,1.0,"The predicted answer contains the exact ground truth information requested and adds relevant, correct context without contradicting the truth.",0.1486707627773285
gogona,q6,traditional_player,Which gender traditionally plays this instrument?,This instrument is traditionally played by women.,This instrument is traditionally played by women.,1.0,The predicted answer is identical to the ground truth.,1.0
gogona,q6,traditional_player,Which gender traditionally plays this instrument?,This instrument is traditionally played by women.,This instrument is traditionally played by women.,1.0,The predicted answer is identical to the ground truth.,1.0
gogona,q6,traditional_player,Which gender traditionally plays this instrument?,This instrument is traditionally played by women.,This instrument is traditionally played by women.,1.0,The predicted answer is identical to the ground truth.,1.0
gogona,q7,playing_method,How is this instrument played?,This instrument is played by plucking the vibrating tongue near the mouth.,This instrument is played by plucking the vibrating tongue near the mouth.,1.0,The predicted answer is identical to the ground truth and provides a complete and factually accurate description of how the instrument is played.,0.9089847207069397
gogona,q7,playing_method,How is this instrument played?,This instrument is played by plucking the vibrating tongue near the mouth.,This instrument is played by plucking the vibrating tongue near the mouth.,1.0,The predicted answer is identical to the ground truth and provides a complete and factually accurate description of how the instrument is played.,1.0
gogona,q7,playing_method,How is this instrument played?,This instrument is played by plucking the vibrating tongue near the mouth.,This instrument is played by plucking the vibrating tongue near the mouth.,1.0,The predicted answer is identical to the ground truth and provides a complete and factually accurate description of how the instrument is played.,1.0
gogona,q7,playing_method,How is this instrument played?,This instrument is played by plucking the vibrating tongue near the mouth.,This instrument is played by plucking the vibrating tongue near the mouth.,1.0,The predicted answer is identical to the ground truth and provides a complete and factually accurate description of how the instrument is played.,1.0
gogona,q7,playing_method,How is this instrument played?,This instrument is played by plucking the vibrating tongue near the mouth.,This instrument is played by plucking the vibrating tongue near the mouth.,1.0,The predicted answer is identical to the ground truth and provides a complete and factually accurate description of how the instrument is played.,0.8925682306289673
gogona,q4,parts,Name the major parts of this instrument.,"The main parts of this instrument are frame, vibrating tongue, and plucking end.","The main parts of this instrument are the frame, vibrating tongue, and plucking end.",1.0,The predicted answer is identical to the ground truth in content and meaning.,0.9958043098449707
gogona,q6,traditional_player,Which gender traditionally plays this instrument?,This instrument is traditionally played by women.,This instrument is traditionally played by women.,1.0,The predicted answer is identical to the ground truth.,1.0
gogona,q6,traditional_player,Which gender traditionally plays this instrument?,This instrument is traditionally played by women.,This instrument is traditionally played by women.,1.0,The predicted answer is identical to the ground truth.,1.0
bahi,q3,material,What material is this instrument made of?,This instrument is made of bamboo.,This instrument is made of bamboo.,1.0,The predicted answer is identical to the ground truth and is factually correct.,0.9999999403953552
bahi,q3,material,What material is this instrument made of?,This instrument is made of bamboo.,This instrument is made of bamboo.,1.0,The predicted answer is identical to the ground truth and is factually correct.,0.9999999403953552
bahi,q3,material,What material is this instrument made of?,This instrument is made of bamboo.,This instrument is made of bamboo.,1.0,The predicted answer is identical to the ground truth and is factually correct.,0.9999999403953552
bahi,q3,material,What material is this instrument made of?,This instrument is made of bamboo.,This instrument is made of bamboo.,1.0,The predicted answer is identical to the ground truth and is factually correct.,0.9999999403953552
bahi,q4,parts,Name the major parts of this instrument.,"The main parts of this instrument are bamboo tube body, blow hole and finger holes.","The main parts of this instrument are bamboo tube body, blow hole and finger holes.",1.0,The predicted answer is identical to the ground truth.,1.0
bahi,q4,parts,Name the major parts of this instrument.,"The main parts of this instrument are bamboo tube body, blow hole and finger holes.","The main parts of this instrument are bamboo tube body, blow hole and finger holes.",1.0,The predicted answer is identical to the ground truth.,1.0
bahi,q4,parts,Name the major parts of this instrument.,"The main parts of this instrument are bamboo tube body, blow hole and finger holes.","The main parts of this instrument are bamboo tube body, blow hole and finger holes.",1.0,The predicted answer is identical to the ground truth.,1.0
bahi,q4,parts,Name the major parts of this instrument.,"The main parts of this instrument are bamboo tube body, blow hole and finger holes.","The main parts of this instrument are bamboo tube body, blow hole and finger holes.",1.0,The predicted answer is identical to the ground truth.,1.0
bahi,q3,material,What material is this instrument made of?,This instrument is made of bamboo.,This instrument is made of bamboo.,1.0,The predicted answer is identical to the ground truth and is factually correct.,0.9999999403953552
bahi,q8,instrument_type,What type of musical instrument is this?,This is a transverse bamboo flute instrument.,This is a transverse bamboo flute instrument. It is made from a single piece of bamboo and has two finger holes and one thumb hole. It is played by blowing air across the mouthpiece and covering finger holes to produce different pitches.,1.0,The predicted answer contains the exact ground truth information and provides additional accurate details about the instrument's construction and playing method.,0.8582820296287537
bahi,q8,instrument_type,What type of musical instrument is this?,This is a transverse bamboo flute instrument.,This is a transverse bamboo flute instrument. It is made from a single piece of bamboo and has two finger holes and one thumb hole. It is played by blowing air across the mouthpiece and covering finger holes to produce different pitches.,1.0,The predicted answer contains the exact ground truth information and provides additional accurate details about the instrument's construction and playing method.,0.9404486417770386
bahi,q8,instrument_type,What type of musical instrument is this?,This is a transverse bamboo flute instrument.,This is a transverse bamboo flute instrument. It is made from a single piece of bamboo and has two finger holes and one thumb hole. It is played by blowing air across the mouthpiece and covering finger holes to produce different pitches.,1.0,The predicted answer contains the exact ground truth information and provides additional accurate details about the instrument's construction and playing method.,0.9080797433853149
bahi,q8,instrument_type,What type of musical instrument is this?,This is a transverse bamboo flute instrument.,This is a transverse bamboo flute instrument. It is made from a single piece of bamboo and has two finger holes and one thumb hole. It is played by blowing air across the mouthpiece and covering finger holes to produce different pitches.,1.0,The predicted answer contains the exact ground truth information and provides additional accurate details about the instrument's construction and playing method.,0.9080797433853149
bahi,q8,instrument_type,What type of musical instrument is this?,This is a transverse bamboo flute instrument.,This is a transverse bamboo flute instrument. It is made from a single piece of bamboo and has two finger holes and one thumb hole. It is played by blowing air across the mouthpiece and covering finger holes to produce different pitches.,1.0,The predicted answer contains the exact ground truth information and provides additional accurate details about the instrument's construction and playing method.,0.9121288061141968
bahi,q5,sound,What sound does this instrument produce?,"This instrument produces a soft, melodic, flute-like sound.","This instrument produces a soft, melodic, flute-like sound.",1.0,The predicted answer is identical to the ground truth.,1.0
bahi,q5,sound,What sound does this instrument produce?,"This instrument produces a soft, melodic, flute-like sound.","This instrument produces a soft, melodic, flute-like sound.",1.0,The predicted answer is identical to the ground truth.,1.0
bahi,q5,sound,What sound does this instrument produce?,"This instrument produces a soft, melodic, flute-like sound.","This instrument produces a soft, melodic, flute-like sound.",1.0,The predicted answer is identical to the ground truth.,1.0
bahi,q5,sound,What sound does this instrument produce?,"This instrument produces a soft, melodic, flute-like sound.","This instrument produces a soft, melodic, flute-like sound.",1.0,The predicted answer is identical to the ground truth.,1.0
bahi,q5,sound,What sound does this instrument produce?,"This instrument produces a soft, melodic, flute-like sound.","This instrument produces a soft, melodic, flute-like sound.",1.0,The predicted answer is identical to the ground truth.,0.6979259848594666
gogona,q2,origin,Where did this instrument originate?,It originated in the tribal communities of Assam.,This instrument originated in the tribal communities of Assam. It is played by blowing air through the blow hole and plucking the vibrating tongue.,1.0,"The predicted answer contains the exact ground truth information, and the additional details provided do not contradict the factual accuracy of the answer.",0.1486707627773285
gogona,q2,origin,Where did this instrument originate?,It originated in the tribal communities of Assam.,This instrument originated in the tribal communities of Assam. It is played by blowing air through the blow hole and plucking the vibrating tongue.,1.0,"The predicted answer contains the exact ground truth information, and the additional details provided do not contradict the factual accuracy of the answer.",0.5825034976005554
gogona,q2,origin,Where did this instrument originate?,It originated in the tribal communities of Assam.,This instrument originated in the tribal communities of Assam. It is played by blowing air through the blow hole and plucking the vibrating tongue.,1.0,"The predicted answer contains the exact ground truth information, and the additional details provided do not contradict the factual accuracy of the answer.",0.181220144033432
gogona,q2,origin,Where did this instrument originate?,It originated in the tribal communities of Assam.,This instrument originated in the tribal communities of Assam. It is played by blowing air through the blow hole and plucking the vibrating tongue.,1.0,"The predicted answer contains the exact ground truth information, and the additional details provided do not contradict the factual accuracy of the answer.",0.23018206655979156
xutuli,q9,description,"Give a description of this instrument including its cultural significance, and role in Assamese music.","The Xutuli is a small conical end-blown wind instrument traditionally made from clay or bamboo in the rural communities of Assam. It is played by blowing air directly into one end, producing a distinctly high-pitched, sharp whistling tone. It is an important traditional wind instrument in Assamese folk music. Its compact size and traditional use make it popular during Bihu celebrations.","The Xutuli is a small conical end-blown wind instrument traditionally made from clay or bamboo in the rural communities of Assam. It is played by blowing air directly into one end, producing a distinctly high-pitched, sharp whistling tone. It is an important traditional wind instrument in Assamese folk",0.95,"The predicted answer is highly accurate and nearly identical to the ground truth, but it cuts off slightly at the end ('Assamese folk' instead of 'Assamese folk music') and omits the final sentence regarding its role in Bihu celebrations.",0.9953415989875793
toka,q9,description,"Give a description of this instrument including its cultural significance, and role in Assamese music.","The Toka is a traditional Assamese percussion instrument made entirely from bamboo, consisting of two pieces joined and clapped together rhythmically. Its sharp, dry clicking sound provides rhythmic accompaniment that complements heavier instruments like the Dhol. Toka is played by both men and women, making it an inclusive instrument in Assamese folk music.","The Toka is a traditional Assamese percussion instrument made entirely from bamboo, consisting of two pieces joined and clapped together rhythmically. Its sharp, dry clicking sound provides rhythmic accompaniment that complements heavier instruments like the Dhol. Toka is played by both men and women, making it an inclusive",0.95,"The predicted answer is factually accurate and matches the ground truth almost perfectly, but it is incomplete as the final sentence is cut off mid-word.",0.9958246350288391
toka,q9,description,"Give a description of this instrument including its cultural significance, and role in Assamese music.","The Toka is a traditional Assamese percussion instrument made entirely from bamboo, consisting of two pieces joined and clapped together rhythmically. Its sharp, dry clicking sound provides rhythmic accompaniment that complements heavier instruments like the Dhol. Toka is played by both men and women, making it an inclusive instrument in Assamese folk music.","The Toka is a traditional Assamese percussion instrument made entirely from bamboo, consisting of two pieces joined and clapped together rhythmically. Its sharp, dry clicking sound provides rhythmic accompaniment that complements heavier instruments like the Dhol. Toka is played by both men and women, making it an inclusive",0.95,"The predicted answer is factually accurate and matches the ground truth almost perfectly, but it is incomplete as the final sentence is cut off mid-word.",0.9958246350288391
toka,q9,description,"Give a description of this instrument including its cultural significance, and role in Assamese music.","The Toka is a traditional Assamese percussion instrument made entirely from bamboo, consisting of two pieces joined and clapped together rhythmically. Its sharp, dry clicking sound provides rhythmic accompaniment that complements heavier instruments like the Dhol. Toka is played by both men and women, making it an inclusive instrument in Assamese folk music.","The Toka is a traditional Assamese percussion instrument made entirely from bamboo, consisting of two pieces joined and clapped together rhythmically. Its sharp, dry clicking sound provides rhythmic accompaniment that complements heavier instruments like the Dhol. Toka is played by both men and women, making it an inclusive",0.95,"The predicted answer is factually accurate and matches the ground truth almost perfectly, but it is incomplete as the final sentence is cut off mid-word.",0.9958246350288391
toka,q9,description,"Give a description of this instrument including its cultural significance, and role in Assamese music.","The Toka is a traditional Assamese percussion instrument made entirely from bamboo, consisting of two pieces joined and clapped together rhythmically. Its sharp, dry clicking sound provides rhythmic accompaniment that complements heavier instruments like the Dhol. Toka is played by both men and women, making it an inclusive instrument in Assamese folk music.","The Toka is a traditional Assamese percussion instrument made entirely from bamboo, consisting of two pieces joined and clapped together rhythmically. Its sharp, dry clicking sound provides rhythmic accompaniment that complements heavier instruments like the Dhol. Toka is played by both men and women, making it an inclusive",0.95,"The predicted answer is factually accurate and matches the ground truth almost perfectly, but it is incomplete as the final sentence is cut off mid-word.",0.9958246350288391
